date,totcases,totdeaths,logtot,logdet,logdiff,logddiff_det,transit,walking,driving,recreation,essentials,parks,station_transit,workplace,resedential,TotalHospitalized,DailyTested,TotalICU,TotalRecovered,TotalActive,alberta,alberta-us,Coronavirus,Mean Temp
01-03-2020,0,0,#NAME?,#NAME?,,,116.3766667,173.8933333,133.0233333,6.294117647,4.176470588,13.5,-1.714285714,1.777777778,-0.071428571,,0,,0,0,482.4374008,993.3117303,60,-4.4
02-03-2020,0,0,#NAME?,#NAME?,,,94.00666667,165.3866667,130.13,8.764705882,7,20.9,6.571428571,3.928571429,-1.2,,0,,0,0,468.0207267,949.7903627,74,2.6
03-03-2020,0,0,#NAME?,#NAME?,,,74.37666667,105.2633333,93.57,6,3.25,14.3,-0.285714286,3.285714286,-0.125,,0,,0,0,558.4001956,874.2660455,80,1.2
04-03-2020,0,0,#NAME?,#NAME?,,,109.34,119.65,101.3,0.117647059,2,3.5,2.571428571,4,0.214285714,,0,,0,0,518.5704117,1087.413702,100,-0.6
05-03-2020,1,0,0,#NAME?,inf,,108.95,129.0366667,106.9433333,2.411764706,0.1875,7.4,5.285714286,4,0.142857143,,0,,0,0,524.4057668,946.7955414,94,0
06-03-2020,2,0,0.693147181,#NAME?,0.693147181,,108.0733333,135.9066667,108.0966667,7,6.5625,9.4,2.714285714,5.555555556,-0.533333333,,0,,0,0,201.237173,1249.823967,17,0.4
07-03-2020,2,0,0.693147181,#NAME?,0,,113.7466667,148.67,114.3266667,9.058823529,10.375,10.2,5.714285714,4.666666667,-0.642857143,,0,,0,0,284.6467388,1298.169647,18,-11.1
08-03-2020,4,0,1.386294361,#NAME?,0.693147181,,120.2433333,176.5333333,134.8266667,11,10.8125,14.3,12.71428571,7.111111111,-1.785714286,,0,,0,0,243.5512931,1145.448548,19,-13.8
09-03-2020,14,0,2.63905733,#NAME?,1.252762968,,96.15333333,161.9833333,129.0833333,2.294117647,3.307692308,6,4.833333333,5,-0.1,,0,,0,0,280.749363,1506.618677,18,-7.3
10-03-2020,14,0,2.63905733,#NAME?,0,,74.52333333,112.6866667,94.94666667,8.411764706,9.416666667,13.4,4.857142857,4.571428571,-0.75,,0,,0,0,288.0421108,1264.963606,20,-2.4
11-03-2020,19,0,2.944438979,#NAME?,0.30538165,,107.51,131.0566667,102.57,4.823529412,6.3125,4.3,5.285714286,5.111111111,-0.214285714,,0,,0,0,269.206173,1426.49075,42,-0.4
12-03-2020,23,0,3.135494216,#NAME?,0.191055237,,112.3266667,134.0266667,107.5833333,5.411764706,9.3125,9.4,5.428571429,5.222222222,-0.071428571,,0,,0,0,289.4101538,1400.336596,42,-3.9
13-03-2020,29,0,3.36729583,#NAME?,0.231801614,,117.3766667,134.7766667,109.5933333,4.764705882,7.066666667,5.8,4.428571429,5.666666667,-0.066666667,,0,,0,0,262.3288704,1572.942494,31,-14.7
14-03-2020,39,0,3.663561646,#NAME?,0.296265816,,112.07,138.3433333,111.44,7.529411765,9,6.3,3.428571429,4.722222222,-0.285714286,,0,,0,0,255.4421643,1527.799215,38,-19.8
15-03-2020,56,0,4.025351691,#NAME?,0.361790045,,120.5166667,164.3266667,130.9966667,5.941176471,6.882352941,10.6,7.571428571,5.166666667,-0.285714286,,0,,0,0,278.1540178,1625.041244,38,-17.4
16-03-2020,74,0,4.304065093,#NAME?,0.278713402,,88.31,145.9233333,118.4433333,-2.294117647,1.384615385,-5.4,-5,3.5,1.4,,0,,0,0,284.1656325,1350.433177,53,-5.6
17-03-2020,97,0,4.574710979,#NAME?,0.270645885,,73.10333333,103.2233333,86.82666667,0.647058824,4,-3.9,-0.142857143,2.857142857,0.875,,0,,0,1,284.8571812,1378.048831,99,-3
18-03-2020,119,0,4.779123493,#NAME?,0.204412515,,101.3333333,126.0866667,99.76333333,4.411764706,8,12.8,3.857142857,4.111111111,0.142857143,,0,,0,2,246.8868326,1538.733051,100,-8.8
19-03-2020,146,1,4.983606622,0,0.204483129,inf,103.8233333,127.45,103.8433333,3.058823529,3.8125,4.1,1.714285714,4.111111111,0.285714286,,0,,0,2,289.6441015,1507.038496,77,-10.2
20-03-2020,195,1,5.272999559,0,0.289392937,0,101.36,126.1633333,103.9833333,5.470588235,10.5625,12.1,3,4.111111111,0.214285714,,0,,0,4,250.7062609,1515.132866,77,-5.8
21-03-2020,226,1,5.420534999,0,0.147535441,0,92.68666667,116.9,99.68333333,6.705882353,24.33333333,-4.2,2.571428571,3.5,0.5,,0,,0,14,303.3520573,1602.980846,81,-2.8
22-03-2020,259,1,5.556828062,0,0.136293062,0,81.89,111.3433333,98.37666667,-1.6875,27.875,-22.8,-9.5,0.166666667,4.142857143,,0,,0,14,295.7170478,1409.93082,76,0.3
23-03-2020,301,1,5.707110265,0,0.150282203,0,59.37666667,100.5533333,78.92666667,-15.8125,10.92307692,-32.2,-23.5,-3.428571429,5.666666667,,0,,0,19,257.9081924,1512.957019,73,1.6
24-03-2020,358,2,5.880532986,0.693147181,0.173422722,0.693147181,46.65,75.19333333,59.44,-14.2,8.583333333,-21.9,-21.16666667,-4.142857143,4.714285714,,0,,0,23,297.347323,1584.959077,63,-3.9
25-03-2020,419,2,6.03787092,0.693147181,0.157337934,0,53.71666667,90.63666667,69.35666667,-5.214285714,30.3125,-9.2,-23.57142857,-15.05555556,6.928571429,,0,,0,29,277.9826035,1760.690521,63,-5.2
26-03-2020,486,2,6.186208624,0.693147181,0.148337704,0,50.6,82.04666667,65.92333333,-17.73333333,17.6875,-12.2,-26.57142857,-20.11111111,10.07142857,,0,,0,39,291.1475662,1658.918608,68,-0.1
27-03-2020,542,2,6.295266001,0.693147181,0.109057378,0,40.76666667,74.33666667,61.23333333,-27.13333333,13.4,-16.9,-32.375,-25.31578947,12.76923077,,7108,,0,56,227.0558932,1575.58992,68,2.4
28-03-2020,621,2,6.431331082,0.693147181,0.13606508,0,34.63666667,74.1,60.33,-30.8,5.375,-23.9,-41,-28.88888889,14.66666667,,3490,,0,74,284.3684943,1376.439784,60,1.4
29-03-2020,661,3,6.49375384,1.098612289,0.062422758,0.405465108,35.36666667,82.65666667,66.02333333,-32.11764706,5.125,-7.6,-38.5,-28.88888889,15.33333333,,1757,,0,97,258.4159864,1317.575086,55,4.5
30-03-2020,690,8,6.536691598,2.079441542,0.042937758,0.980829253,27.18333333,68.57666667,52.57666667,-43.375,-10.07692308,5.8,-36.71428571,-25.25,11.71428571,,2211,,0,119,281.4759356,1171.001101,54,-4.9
31-03-2020,754,9,6.625392368,2.197224577,0.08870077,0.117783036,24.56666667,60.13,41.44,-47.21428571,-20.75,7.6,-40.75,-30.35714286,10.42857143,,2447,,2,143,290.5820152,1383.453317,51,-10.1
01-04-2020,871,11,6.769641977,2.397895273,0.144249609,0.200670695,28.02,70.19333333,52.81,-41.33333333,-10.6875,-18.7,-51.5,-36.94444444,15.91666667,,3347,,3,191,262.0792814,1265.780277,54,-12.8
02-04-2020,968,13,6.875232087,2.564949357,0.10559011,0.167054085,24.69666667,69.08333333,50.40666667,-46.25,-16.6875,-30.8,-52.625,-39.36842105,18.66666667,,3382,,3,222,301.3761591,1320.4813,51,-11.7
03-04-2020,1075,18,6.980075941,2.890371758,0.104843853,0.3254224,25.33666667,69.23333333,52.11,-45.4,-13,-25.1,-55.25,-40.57894737,18.75,,3257,,3,255,290.2386216,1362.886213,54,-9.5
04-04-2020,1181,20,7.074116816,2.995732274,0.094040876,0.105360516,23.69,70.77,53.07666667,-44.86666667,-12,-26,-56,-41.21052632,18.75,,3059,,3,297,234.0251409,1356.518889,42,-7.4
05-04-2020,1250,23,7.13089883,3.135494216,0.056782014,0.139761942,25.09,79.94,60.13333333,-45.23529412,-11.23529412,-22.2,-53.75,-39.05555556,19.25,,2718,,3,353,234.259954,1419.180019,39,-5.6
06-04-2020,1348,24,7.206377291,3.17805383,0.075478461,0.042559614,19.60333333,60.42,46.42333333,-53.625,-20.85714286,-35,-51.57142857,-35,14.71428571,,2732,,3,414,22.27999173,563.1933981,75,-1
07-04-2020,1373,26,7.224753406,3.258096538,0.018376114,0.080042708,19.64666667,56.06,38.91666667,-56,-31.83333333,-30.8,-56,-38.64285714,12.42857143,,1152,,27,457,25.65833094,504.888155,72,0.3
08-04-2020,1423,29,7.260522598,3.36729583,0.035769192,0.109199292,23.89333333,60.46333333,49.14666667,-47.6,-20.9375,-42.4,-60.11111111,-42.27777778,18.16666667,,1555,,33,507,17.91666209,548.6520219,80,0.2
09-04-2020,1451,32,7.280008253,3.465735903,0.019485655,0.098440073,21.63333333,61.57333333,48.20333333,-49.625,-22.5,-46.9,-59.71428571,-43.63157895,19.83333333,,4312,,53,566,20.75582167,544.039635,100,4.9
10-04-2020,1500,39,7.313220387,3.663561646,0.033212134,0.197825743,23.24666667,61.36666667,51.04333333,-45.2,-13.35294118,-47.2,-60.5,-43.52631579,19.75,,2472,,73,585,19.63933834,494.4502802,98,0.3
11-04-2020,1569,40,7.358193753,3.688879454,0.044973366,0.025317808,21.68666667,60.07333333,50.63,-47,-14.9375,-47.6,-63,-43.36842105,20.16666667,,1058,,94,588,20.25175064,477.3465832,81,-6.4
12-04-2020,1651,44,7.409136444,3.784189634,0.050942691,0.09531018,21.09666667,63.75,57.47333333,-46.58823529,-13.94117647,-45.8,-61.875,-41.44444444,21.09090909,,2635,,120,625,23.74379694,506.2807774,96,-5.8
13-04-2020,1732,46,7.457032089,3.828641396,0.047895645,0.044451763,19.8,64.40666667,48.59666667,-52.3125,-19.42857143,-35.2,-55.28571429,-38.625,15,,4449,,142,718,19.10410717,432.2904582,93,-3
14-04-2020,1870,48,7.53369371,3.871201011,0.076661621,0.042559614,17.59,48.2,37.28,-55.64285714,-33.33333333,-48.2,-58.66666667,-41.28571429,13.16666667,,3955,,174,781,20.34364705,462.7991856,79,3.4
15-04-2020,1996,48,7.598900457,3.871201011,0.065206747,0,22.69666667,71.14666667,51.49333333,-44.13333333,-16.375,-32.1,-58.375,-42.33333333,18.08333333,,4864,,196,861,24.81492238,457.9857896,82,-0.8
16-04-2020,2158,50,7.676937146,3.912023005,0.078036689,0.040821995,21.39,69.62666667,52.04333333,-45.375,-14.25,-38.2,-57.375,-42.78947368,19.5,,2148,,196,965,22.62806278,487.1995773,67,2.2
17-04-2020,2397,50,7.781973234,3.912023005,0.105036089,0,23.20666667,76.38666667,55.99666667,-42.13333333,-7.9375,-28.1,-57.25,-42.84210526,18.91666667,,985,,279,948,20.51729657,464.1959343,55,7.1
18-04-2020,2562,51,7.848543482,3.931825633,0.066570248,0.019802627,22.91,87.43333333,66.66666667,-31,11.3125,-17.1,-54.625,-43.94736842,17.25,,821,,361,963,25.02054565,563.7206793,77,2
19-04-2020,2803,55,7.938445551,4.007333185,0.089902069,0.075507553,18.19333333,67.88666667,52.08333333,-55.94117647,-20.14285714,-40.8,-67.25,-71,30,,1203,,447,900,26.55329795,510.748559,76,5.8
20-04-2020,2908,59,7.975220839,4.077537444,0.036775287,0.070204259,17.93666667,64.57,50.65666667,-48.875,-10.76923077,-45.7,-60,-40.5625,15.28571429,,1645,,519,875,18.30444263,506.0661447,70,11.8
21-04-2020,3095,61,8.037543185,4.110873864,0.062322346,0.03333642,16.25333333,49.12666667,37.42333333,-63.14285714,-41.5,-43.9,-58.5,-43.53333333,12.85714286,97,1485,33,592,827,23.48827728,545.2584795,71,13.2
22-04-2020,3401,66,8.131824785,4.189654742,0.0942816,0.078780878,20.75333333,66.67333333,51.71333333,-46.33333333,-20.85714286,-25.9,-61.5,-52.63157895,20.2,101,2123,33,592,869,18.47553236,551.8507867,68,8.5
23-04-2020,3720,68,8.221478947,4.219507705,0.089654162,0.029852963,22.00666667,68.42333333,56.43,-43.46666667,-15.3125,-33.6,-57,-43.57894737,19.16666667,105,2908,33,774,755,22.5458657,445.3839396,75,7.2
24-04-2020,4017,72,8.298290634,4.276666119,0.076811687,0.057158414,21.72333333,73.92666667,60.20666667,-40.4,-8.823529412,-37.9,-58.75,-43.42105263,19.25,107,2038,34,823,784,22.69271572,555.2052746,73,6.9
25-04-2020,4233,73,8.350666241,4.290459441,0.052375606,0.013793322,21.94666667,88.59666667,64.60666667,-38.66666667,-5.1875,-14.5,-55.625,-43.36842105,18.41666667,110,2465,34,877,809,22.65659016,465.4490968,69,9
26-04-2020,4488,73,8.409162447,4.290459441,0.058496207,0,21.19333333,88.25333333,70.55666667,-42,-11.17647059,-30.9,-58.875,-41.22222222,19.81818182,110,2868,34,914,908,26.57529197,489.8123657,45,7.9
27-04-2020,4696,75,8.454466362,4.317488114,0.045303914,0.027028672,20.81,84.97,61.86,-43.625,-13,-26.8,-54,-33.5,13.57142857,115,2853,35,914,1034,21.73541009,515.0605485,36,8.9
28-04-2020,4850,80,8.486733984,4.382026635,0.032267622,0.064538521,20.90333333,79.94333333,51.98333333,-44.57142857,-19.83333333,5.1,-46.28571429,-35.07142857,10.57142857,44,2779,14,914,1194,20.28597998,530.8154669,58,8.3
29-04-2020,5165,87,8.549660382,4.465908119,0.062926398,0.083881484,25.42333333,101.4766667,66.12,-34.28571429,-7.875,-10.55555556,-52.875,-40.61111111,15.83333333,60,4524,13,1124,1223,20.24146149,512.6330056,63,11.8
30-04-2020,5355,89,8.585785983,4.48863637,0.036125601,0.022728251,25.47,100.3866667,68.11333333,-35.13333333,-8.75,-11.44444444,-52.75,-40.57894737,16.83333333,57,4092,14,1162,1349,20.81462446,506.986926,62,10.9
01-05-2020,5573,92,8.625688788,4.521788577,0.039902805,0.033152207,23.86333333,94.79666667,68.94333333,-36.2,-5.6875,-18.7,-55.75,-41.21052632,17.58333333,57,4426,14,1198,1550,23.72715426,506.3134511,61,7
02-05-2020,5670,94,8.642944397,4.543294782,0.017255609,0.021506205,24.24,95.66,72.06666667,-35.93333333,-4.8125,-19.3,-56.125,-40.89473684,17.58333333,65,3994,16,1230,1619,21.13381582,563.7938021,37,9
03-05-2020,5766,95,8.659733878,4.553876892,0.016789481,0.010582109,26.84,107.5033333,81.11,-36.8125,-5.8125,-5.4,-52.625,-39.22222222,17.5,46,3698,18,1273,1761,21.63256864,549.5408941,29,9.1
04-05-2020,5836,104,8.67180091,4.644390899,0.012067031,0.090514008,23.10666667,95.67,68.79333333,-40,-10.58333333,-1,-46.85714286,-33.9375,11.57142857,70,4484,18,1310,2025,25.26361938,544.4919,29,4
05-05-2020,5893,106,8.681520485,4.663439094,0.009719575,0.019048195,23.58,80.63666667,56.42333333,-42.5,-16.08333333,-6.4,-48.85714286,-36.71428571,9.714285714,72,4336,18,1357,2295,21.91653315,470.7175293,28,6.8
06-05-2020,5963,112,8.693328989,4.718498871,0.011808504,0.055059777,26.40333333,91.08,70.42333333,-35.21428571,-8.9375,-20.3,-55.125,-40.44444444,15.41666667,76,4612,18,1397,2548,14.51483179,460.5534484,90,8.2
07-05-2020,6017,114,8.702344075,4.736198448,0.009015086,0.017699577,28.21,106.84,75.34666667,-31.26666667,-3.75,-7,-47.5,-41,15,76,4718,18,1471,2689,13.57362899,489.3777219,87,11.4
08-05-2020,6098,115,8.715716128,4.744932128,0.013372052,0.00873368,28.08666667,112.5333333,78.18,-30.4,-0.375,-4,-47.875,-41.47368421,15.66666667,77,4407,20,1549,2858,15.21630169,299.6970854,100,6.7
09-05-2020,6157,116,8.725344925,4.753590191,0.009628797,0.008658063,27.23333333,101.25,79.99666667,-31.53333333,-1.125,-16.6,-53.125,-41.15789474,16.16666667,87,3870,20,1664,2957,12.85042533,585.0225137,89,6
10-05-2020,6253,117,8.740816628,4.762173935,0.015471703,0.008583744,29.27333333,123.7766667,92.52333333,-30.125,-0.0625,6.4,-46.625,-38.72222222,15.08333333,82,3239,21,1800,2970,15.68639821,487.5247009,85,3.6
11-05-2020,6300,117,8.748304912,4.762173935,0.007488285,0,28.50666667,120.0033333,80.8,-32.875,-3.769230769,38.6,-34.75,-31.6875,8.142857143,86,5205,22,1953,3125,16.56520154,492.218369,85,3.5
12-05-2020,6345,118,8.75542238,4.770684624,0.007117468,0.00851069,25.44,85.42666667,61.42,-39.71428571,-14.41666667,-12.6,-50.5,-34.21428571,8.714285714,90,5051,22,2161,3105,15.69778098,433.0204295,84,5.5
13-05-2020,6407,120,8.765146422,4.787491743,0.009724041,0.016807118,30.17,93.36333333,73.98333333,-33.57142857,-6.25,-24.5,-53.75,-39.77777778,15.25,86,4829,22,2359,3122,16.35804929,410.846713,67,6.6
14-05-2020,6457,121,8.772920093,4.795790546,0.007773671,0.008298803,30.65666667,120.43,84.65666667,-27.33333333,1.1875,15.88888889,-47.28571429,-38.84210526,14.16666667,88,3751,19,2534,3042,11.32219791,534.1685457,79,9
15-05-2020,6515,125,8.78186249,4.828313737,0.008942397,0.032523192,30.42666667,116.5166667,86.27,-27.8,3.4375,8.4,-50.125,-39.52631579,14.41666667,89,3728,19,2713,2958,13.99721305,507.28888,69,9.4
16-05-2020,6587,126,8.792853289,4.836281907,0.010990799,0.00796817,29.79,116.23,85.09333333,-28.8,3.5,0.3,-51.5,-39.68421053,14.66666667,89,3477,21,2942,2790,12.86909432,474.7647417,77,11.8
17-05-2020,6664,127,8.804475184,4.844187086,0.011621895,0.00790518,31.85,118.5066667,94.73666667,-29.75,3.375,-6.3,-52.125,-36.88888889,15.66666667,87,2293,20,3219,2568,14.79439686,495.2990265,73,13
18-05-2020,6683,128,8.807322268,4.852030264,0.002847084,0.007843177,28.45333333,119.0933333,86.83333333,-29.1875,9.846153846,19.7,-45.14285714,-28.5625,8.571428571,82,3494,19,3552,2299,14.69395247,546.360998,64,13.7
19-05-2020,6716,128,8.812248018,4.852030264,0.004925751,0,24.77,89.34,65.29333333,-31.57142857,2.166666667,-8.4,-50.5,-28.07142857,7.142857143,85,3818,18,3809,2094,14.17829807,470.5650631,72,11.3
20-05-2020,6735,128,8.815073089,4.852030264,0.002825071,0,26.94,101.25,86.83333333,-30.64285714,-5.3125,-10.88888889,-52,-37.16666667,13.25,80,3232,17,4020,1963,13.49848843,416.3228148,70,9
21-05-2020,6768,132,8.819960901,4.882801923,0.004887812,0.030771659,24.31,88.62,65.29333333,-29.4,-2.25,-1.888888889,-49.75,-36.94736842,14,74,0,15,4204,1837,13.84986209,450.0258482,67,5.1
22-05-2020,6800,134,8.824677891,4.8978398,0.00471699,0.015037877,31.89333333,136.0266667,94.14666667,-23.6,6.4375,28.66666667,-46.125,-37,13.16666667,71,7734,13,4389,1747,15.14033477,556.1480458,66,4
23-05-2020,6818,135,8.827321453,4.905274778,0.002643562,0.007434978,33.91,130.4,97.40666667,-20.71428571,8,2.333333333,-47.375,-37.36842105,13.16666667,73,2864,12,4659,1524,14.9075789,496.3126205,67,10
24-05-2020,6860,135,8.833462721,4.905274778,0.006141268,0,35.12333333,149.7166667,110.4966667,-18.75,9.1875,31.22222222,-42.375,-37.94444444,11.33333333,73,3173,12,4866,1361,16.47206308,486.8870306,63,11.3
25-05-2020,6879,138,8.836228572,4.927253685,0.002765851,0.021978907,35.74,144.8433333,96.08666667,-23,5,83.33333333,-30.71428571,-28.6875,5,70,4072,11,5076,1211,13.79913411,484.6309907,47,13.6
26-05-2020,6901,139,8.839421608,4.934473933,0.003193036,0.007220248,32.10666667,123.0733333,79.14333333,-23.07142857,-2.166666667,67.11111111,-34.14285714,-28.14285714,4.714285714,49,4816,8,5205,1131,14.47856697,431.0826122,53,10
27-05-2020,6926,141,8.843037725,4.94875989,0.003616117,0.014285957,34.45,121.17,78.82666667,-27.85714286,-5,66.44444444,-58.71428571,-70.10526316,18.66666667,62,4505,9,5317,1073,13.82682726,422.6154726,55,9.4
28-05-2020,6955,143,8.847216104,4.96284463,0.004178379,0.01408474,36.86,135.0033333,94.97333333,-20.14285714,3.0625,5.888888889,-48.125,-35,12.41666667,60,4594,8,5377,1084,13.29982143,451.3156054,51,11
29-05-2020,6979,143,8.850660919,4.96284463,0.003444815,0,36.84333333,133.6966667,97.64333333,-14.35714286,12.9375,-7.2,-51,-35.15789474,13.25,57,3761,9,5453,1084,17.25254753,353.2319044,60,14.1
30-05-2020,6992,143,8.852521917,4.96284463,0.001860998,0,30.98,115.28,91.01,-21.53333333,3.5625,-38.5,-56.875,-36.73684211,16.16666667,65,3458,9,5519,1036,16.77033784,443.8650633,53,17.6
31-05-2020,7010,143,8.85509298,4.96284463,0.002571063,0,34.21666667,133.5366667,104.4566667,-22.5625,3.4375,-19.2,-50.625,-31.94444444,14.91666667,61,2428,8,5854,734,15.43220933,441.517246,60,14.4
01-06-2020,7044,143,8.85993147,4.96284463,0.00483849,0,34.90333333,143.8666667,101.34,-23.2,5.076923077,28.11111111,-36,-19.6,6.75,58,2607,7,5637,970,13.8398962,433.6215,51,11.9
02-06-2020,7057,143,8.861775311,4.96284463,0.001843841,0,37.18,135.23,88.89333333,-17.85714286,1.833333333,96.44444444,-31.375,-22.57142857,3.714285714,59,4017,6,5710,926,17.05678805,442.7531151,47,12.7
03-06-2020,7076,145,8.864464055,4.976733742,0.002688744,0.013889112,41.85333333,147.0733333,101.0633333,-14.5,3.125,22.22222222,-45.75,-34.44444444,10.41666667,54,3205,6,5801,865,14.00035995,443.8227334,42,11.6
04-06-2020,7091,146,8.866581653,4.983606622,0.002117598,0.006872879,41.40666667,140.9666667,101.1233333,-16.71428571,0.75,3.666666667,-47.57142857,-32.16666667,12.08333333,48,3981,6,5869,814,14.37752334,411.9743664,51,10.3
05-06-2020,7098,146,8.867568333,4.983606622,0.00098668,0,41.52333333,147.9966667,107.9,-12.92857143,12,25.77777778,-44.71428571,-31.68421053,11.41666667,46,4015,6,5924,801,15.83456172,582.0818702,41,10.1
06-06-2020,7138,146,8.873187904,4.983606622,0.005619571,0,41.37666667,157.41,111.3133333,-11.57142857,11.875,32.11111111,-41.75,-31.47368421,10.58333333,45,3010,5,5979,762,7.845628341,491.2318137,100,14
07-06-2020,7138,146,8.873187904,4.983606622,0,0,43.65333333,169.3933333,124.0266667,-12.6875,11.1875,44.33333333,-38.375,-29.77777778,9.833333333,45,2982,5,6048,714,6.947573626,481.5196008,76,9.4
08-06-2020,7202,149,8.882114044,5.003946306,0.00892614,0.020339684,41.01,164.2233333,112.5366667,-15.06666667,11.23076923,105.1111111,-23.71428571,-13.53333333,3,43,3168,4,6106,679,7.032738468,506.107623,61,10
09-06-2020,7229,151,8.885855993,5.017279837,0.003741949,0.013333531,34.34666667,107.3233333,82.67,-21.57142857,-2.25,12.5,-43.375,-16.5,4.857142857,50,0,4,6160,652,7.63922225,467.1117378,72,10.4
10-06-2020,7276,151,8.89233654,5.017279837,0.006480547,0,49.4,155.9433333,107.56,-8.428571429,8.875,28.55555556,-45,-30.11111111,9.615384615,55,7510,4,6220,616,9.15649016,466.1298791,83,15
11-06-2020,7316,149,8.89781901,5.003946306,0.00548247,-0.013333531,46.73,162.9533333,110.79,-10.92857143,9.1875,53.55555556,-42.85714286,-30.57894737,10.08333333,53,3768,5,6245,604,9.952220807,458.9895458,85,15.7
12-06-2020,7346,149,8.901911226,5.003946306,0.004092217,0,47.55333333,162.2533333,112.5233333,-12,10.8125,31.55555556,-44.85714286,-30.15789474,11,52,3138,6,6283,584,9.443799159,479.5586511,93,19.5
13-06-2020,7383,150,8.906935339,5.010635294,0.005024113,0.006688988,44.87333333,153.7333333,113.5266667,-12.21428571,10.5625,30.22222222,-40.85714286,-29.36842105,10.53846154,53,2709,6,6501,400,9.531873459,478.9645955,98,15.4
14-06-2020,7433,150,8.913684825,5.010635294,0.006749486,0,49.54333333,190.5933333,130.9033333,-12.5625,7.75,67.25,-40,-28.27777778,9.416666667,51,3227,6,6537,377,8.943455478,515.1630323,81,12.7
15-06-2020,7453,151,8.916371915,5.017279837,0.00268709,0.006644543,40.51333333,152.8566667,107.5066667,-18.9375,5,40.66666667,-22.42857143,-15.6,5.875,48,4997,6,6587,344,9.46960101,487.8550882,71,12.8
16-06-2020,7482,151,8.920255415,5.017279837,0.0038835,0,35.57333333,104.1666667,79.93666667,-26.28571429,-6.5,-23.9,-43.28571429,-19.28571429,6.857142857,48,4226,6,6611,334,8.333396833,567.0763856,70,12
17-06-2020,7530,151,8.926650321,5.017279837,0.006394906,0,46.59333333,147.2366667,107.5433333,-10.78571429,5,22,-43.14285714,-28.57894737,10.46153846,44,6455,6,6624,328,8.39513727,416.6665912,84,11.7
18-06-2020,7579,152,8.933136544,5.023880521,0.006486223,0.006600684,50.22666667,163.7733333,114.0233333,-10.28571429,4.3125,53.33333333,-40,-28.15789474,9.642857143,44,0,6,6677,315,8.221305766,429.0461399,66,11.6
19-06-2020,7625,152,8.939187601,5.023880521,0.006051058,0,50.95,174.74,121.4266667,-2.714285714,15.8,72.88888889,-40.28571429,-28.36842105,8.5,44,0,6,6677,315,9.047046076,471.1488431,64,13.4
20-06-2020,7673,152,8.945462952,5.023880521,0.006275351,0,50.50333333,174.64,123.7933333,-3.785714286,16.125,66.77777778,-40,-28.73684211,8.384615385,44,0,6,6698,355,10.06013309,470.2434633,84,16.9
21-06-2020,7704,152,8.949494953,5.023880521,0.004032001,0,53,189.1366667,136.59,-7.3125,11.1875,78.125,-36.28571429,-26.68421053,7.384615385,46,21710,6,6722,356,9.412058951,416.85145,60,16.4
22-06-2020,7736,153,8.953640037,5.030437921,0.004145084,0.006557401,45.71,159.2633333,117.7633333,-12.8,8.692307692,78,-31.66666667,-9.526315789,3.333333333,42,6582,6,6754,371,9.352763054,481.5551936,71,16
23-06-2020,7781,153,8.959440144,5.030437921,0.005800106,0,43.61333333,126.5733333,95.49666667,-10.42857143,3.833333333,63.7,-26.71428571,-11.94444444,2.75,45,7131,6,6788,379,7.414994122,534.7229486,66,18.7
24-06-2020,7825,153,8.965079015,5.030437921,0.005638872,0,53.81,165.0333333,118.5933333,-2.857142857,9.9375,39,-39,-27.47368421,8.769230769,53,7746,6,6811,386,8.779434846,485.071899,56,15.2
25-06-2020,7851,154,8.968396191,5.036952602,0.003317176,0.006514681,54.35333333,172.8066667,123.2966667,-5.285714286,7.1875,44.66666667,-36.42857143,-26.52631579,8.928571429,44,6790,6,6830,403,8.241110616,412.3282868,82,15.8
26-06-2020,7888,154,8.973097896,5.036952602,0.004701705,0,48.66666667,156.8633333,119.0766667,-7,10.5625,10.7,-42.14285714,-27.73684211,10,46,7911,7,6861,422,7.827371228,506.2568206,78,18.1
27-06-2020,7957,154,8.981807323,5.036952602,0.008709427,0,53.54333333,176.72,128.8066667,-2.071428571,17.4,51.44444444,-37.57142857,-27.47368421,7.642857143,31,3462,7,6862,440,7.379743309,476.2554246,70,13.7
28-06-2020,7996,154,8.986696696,5.036952602,0.004889372,0,56.09666667,201.5,147.54,-1.666666667,17.375,96.5,-30.71428571,-25.84210526,5.615384615,36,6525,7,6882,449,8.642533741,514.7085478,80,10.6
29-06-2020,8067,154,8.995536945,5.036952602,0.008840249,0,50.38333333,184.8933333,129.9,-3.133333333,16.76923077,163.25,-29.66666667,-8.421052632,0.333333333,38,6982,7,6893,486,10.16317228,424.3720882,59,13.5
30-06-2020,8108,154,9.000606508,5.036952602,0.005069563,0,41.56,121.34,96.23666667,-0.428571429,11.75,110.4285714,-27,-8,-0.625,34,7911,6,6938,489,8.440780498,468.7419858,65,11.3
01-07-2020,8108,154,9.000606508,5.036952602,0,0,58.50666667,182.3033333,127.9366667,0.142857143,10.5,89.33333333,-33.71428571,-28.94736842,6.538461538,39,8995,6,6961,512,8.485966294,518.5270115,57,15
02-07-2020,8202,155,9.012133306,5.043425117,0.011526798,0.006472515,54.88333333,179.17,129.6866667,-2.928571429,9.9375,77.44444444,-32.85714286,-28.31578947,7.357142857,39,7351,6,6996,525,7.878751787,441.9572365,65,14.7
03-07-2020,8259,155,9.019058794,5.043425117,0.006925488,0,54.88,175.59,129.89,-1.428571429,16.2,45.77777778,-37.42857143,-26.84210526,7.785714286,33,8330,7,7018,534,7.694690424,466.3702281,66,16.4
04-07-2020,8259,155,9.019058794,5.043425117,0,0,57.43666667,193.5866667,140.2966667,0.571428571,18.9375,91.66666667,-34.57142857,-26.63157895,6.071428571,32,6895,6,7041,542,8.673594029,491.1170615,59,13.8
05-07-2020,8259,155,9.019058794,5.043425117,0,0,57.23,193.1766667,148.47,-3.75,15.25,76.5,-32.42857143,-25.63157895,5.923076923,37,6537,6,7096,532,8.654614738,503.20668,74,12.9
06-07-2020,8389,155,9.034676603,5.043425117,0.015617809,0,48.70666667,163.0433333,124.25,-8.533333333,10.30769231,81.77777778,-25.71428571,-10.78947368,2.333333333,36,6515,7,7134,538,15.4203217,529.601682,71,15.2
07-07-2020,8436,157,9.040263542,5.056245805,0.005586939,0.012820688,43.34333333,124.0966667,98.80333333,-10.5,2.916666667,34.9,-23.375,-11.77777778,3.142857143,38,6364,8,7191,506,14.21788917,462.2635096,89,13.6
08-07-2020,8482,158,9.04570155,5.062595033,0.005438008,0.006349228,58.48,168.0333333,127.0433333,2.5,13.4375,36.625,-40.28571429,-29.52631579,7.384615385,37,6635,8,7225,509,12.982337,477.4289038,86,13.6
09-07-2020,8519,161,9.050054242,5.081404365,0.004352692,0.018809332,50.89,163.84,130.42,5.428571429,17.4375,22.22222222,-43.28571429,-30.36842105,7.857142857,42,6392,8,7283,520,13.57619741,486.8314214,77,14.9
10-07-2020,8596,160,9.059052258,5.075173815,0.008998016,-0.00623055,49.32333333,162.16,113.65,-2.5625,16.15384615,53.625,-54.57142857,-59.63157895,16.66666667,43,6511,8,7322,520,14.24969186,526.2224615,65,15.9
11-07-2020,8596,160,9.059052258,5.075173815,0,0,58.29666667,177.2266667,137.12,3.285714286,21.8,85.22222222,-42.28571429,-33,7.769230769,41,6999,9,7354,559,13.35577417,520.3184072,100,16.1
12-07-2020,8596,160,9.059052258,5.075173815,0,0,57.69666667,204.7433333,154.0433333,3.6875,19.625,160.375,-38.42857143,-31.94736842,6,41,7198,9,7407,547,14.4238785,470.2182161,86,15.6
13-07-2020,8826,161,9.08545719,5.081404365,0.026404932,0.00623055,49.02333333,178.7866667,126.9233333,-1.588235294,11.38461538,145.25,-33.14285714,-10.57894737,1.111111111,41,0,9,7407,547,13.09202217,528.8337621,77,12.8
14-07-2020,8912,163,9.095153962,5.093750201,0.009696772,0.012345836,45.25333333,141.93,110.6366667,-1.5,7.666666667,131.125,-24.85714286,-11.94444444,-0.75,44,14619,8,7505,542,15.90443326,485.4345023,79,16.1
15-07-2020,8994,163,9.104312967,5.093750201,0.009159005,0,58.24,181.69,132.7766667,2.714285714,14.8125,69.625,-36.28571429,-29.68421053,5.538461538,42,6739,9,7532,572,13.99745999,488.030846,80,16.2
16-07-2020,9114,165,9.117566972,5.105945474,0.013254004,0.012195273,55.87333333,172.9033333,130.4033333,-4.428571429,10.3125,46.88888889,-39,-29.84210526,7.846153846,42,0,9,7532,572,16.56366756,533.5299319,95,19.2
17-07-2020,9219,167,9.129021851,5.117993812,0.011454879,0.012048339,55.39666667,168.61,130.7033333,0.428571429,16.66666667,39.22222222,-42.57142857,-28.84210526,8.692307692,42,0,9,7532,572,16.48853946,511.5864187,78,16.1
18-07-2020,9219,167,9.129021851,5.117993812,0,0,57.84333333,192.1833333,142.7833333,4.866666667,18.625,87.11111111,-37.71428571,-28.78947368,6.153846154,57,17106,6,7627,607,12.95410053,539.5023953,89,15.5
19-07-2020,9219,167,9.129021851,5.117993812,0,0,59.43333333,211.6733333,158.8,1.647058824,16.125,127.875,-33.71428571,-27.47368421,4.692307692,54,6020,6,7659,620,12.34533674,542.144687,74,16.4
20-07-2020,9587,170,9.168163293,5.135798437,0.039141442,0.017804625,54.66,196.4066667,141.59,0.764705882,14.61538462,214.25,-25.71428571,-8.210526316,-0.777777778,55,6268,7,7716,608,15.71426033,466.9807236,92,16.2
21-07-2020,9728,172,9.182763604,5.147494477,0.014600311,0.01169604,47.96666667,147.9733333,114.67,-3.928571429,7.166666667,94.25,-30.71428571,-10.35294118,0,46,6966,7,7774,584,10.36521113,485.3417522,78,18.1
22-07-2020,9861,174,9.196342862,5.159055299,0.013579258,0.011560822,58.76666667,172.1033333,133.4633333,1.214285714,11.0625,27.25,-39.14285714,-29.63157895,6.615384615,50,7801,9,7844,592,18.35937812,430.9896915,88,19.1
23-07-2020,9975,176,9.207837242,5.170483995,0.011494379,0.011428696,60.53333333,189.09,139.0466667,1,11.6875,58.375,-36.57142857,-28.94736842,6.285714286,50,0,9,7844,592,14.61470694,560.3930504,92,17.2
24-07-2020,10086,181,9.218903603,5.198497031,0.011066361,0.028013036,56.93,187.2233333,140.34,6.333333333,18.33333333,51.125,-39,-28,6.071428571,50,0,9,7844,592,14.04751095,493.5404542,84,14.1
25-07-2020,10086,181,9.218903603,5.198497031,0,0,56.14333333,183.9533333,141.9433333,0.928571429,18.93333333,80.66666667,-39,-28.47368421,6.230769231,45,25132,10,7989,676,18.01172818,514.2906186,84,13.5
26-07-2020,10086,181,9.218903603,5.198497031,0,0,57.07,204.0033333,154.0166667,0.176470588,15.3125,97.625,-37.28571429,-27.89473684,5.692307692,55,5800,13,8048,701,14.52974345,462.3721973,83,15.6
27-07-2020,10390,186,9.248599084,5.225746674,0.029695481,0.027249642,49.61333333,189.78,137.1833333,1,15.69230769,173.625,-26.85714286,-8,0.333333333,64,6374,7,8127,704,14.13370896,475.3511218,78,18.6
28-07-2020,10470,186,9.256269304,5.225746674,0.00767022,0,44.35666667,130.1166667,110.1333333,-3,8.333333333,106,-27.57142857,-11.70588235,-0.571428571,69,8217,8,8142,807,16.01655253,526.2856815,71,20.8
29-07-2020,10603,190,9.268892259,5.247024072,0.012622955,0.021277398,58.32333333,185.98,137.84,5.307692308,17.5,79.125,-37,-28.05263158,4.692307692,68,6479,13,8193,859,13.36136909,510.6370101,60,21.4
30-07-2020,10716,195,9.279493231,5.272999559,0.010600972,0.025975486,57.28333333,182.05,137.46,3.866666667,12.25,66.875,-38.14285714,-28.36842105,6.230769231,68,0,13,8193,859,14.28354609,470.6240832,51,21.6
31-07-2020,10843,196,9.291274989,5.278114659,0.011781759,0.005115101,60.00666667,184.45,139.84,5.866666667,18.4,66.25,-39.85714286,-28,6,68,0,13,8193,859,17.74189214,511.4796129,64,21.8
01-08-2020,10843,196,9.291274989,5.278114659,0,0,54.35333333,175.5533333,139.52,2.666666667,16.9375,72.22222222,-41.85714286,-28.31578947,6.846153846,86,23530,17,8308,1109,15.95622104,521.4913914,78,21
02-08-2020,10843,196,9.291274989,5.278114659,0,0,54.83666667,189.1766667,151.69,-2.705882353,13.1875,80.875,-39.42857143,-27.10526316,5.846153846,93,7815,16,8363,1193,15.86080083,456.7056204,76,21.3
03-08-2020,10843,196,9.291274989,5.278114659,0,0,52.38666667,186.1333333,135.6466667,-2.058823529,13.76923077,175.8571429,-28,-9.368421053,0,102,8148,18,8436,1251,15.42139735,499.6106234,68,20.5
04-08-2020,11146,201,9.318835968,5.303304908,0.027560979,0.025190249,46.49666667,150.1066667,118.0033333,-1.153846154,11.83333333,198.1428571,-25,-10.05555556,-2.428571429,106,8227,21,8506,1293,14.20755837,473.3689323,61,17
05-08-2020,11240,203,9.327234123,5.313205979,0.008398155,0.009901071,58.93,183.22,138.39,3.076923077,17.3125,97.625,-38,-30.63157895,4.307692308,83,8753,18,8567,1338,16.6518232,446.6512327,63,20.7
06-08-2020,11296,205,9.33220396,5.323009979,0.004969836,0.009804,58.53666667,189.4566667,142.9,5.866666667,13.9375,89.75,-39.42857143,-30.21052632,5.692307692,83,0,18,8567,1338,16.78069065,423.2126822,71,20.1
07-08-2020,11430,208,9.343996757,5.33753808,0.011792797,0.014528101,58.84333333,187.6633333,144.84,9.2,23.26666667,73.625,-40.14285714,-30.05263158,5.307692308,83,0,18,8567,1338,14.65014944,532.2515179,68,14.7
08-08-2020,11430,208,9.343996757,5.33753808,0,0,58.80333333,188.9566667,147.4066667,9.9375,23.25,109.4444444,-39.71428571,-30.68421053,5,88,27890,17,8774,1430,14.60637855,511.2785854,79,15.1
09-08-2020,11430,208,9.343996757,5.33753808,0,0,58.45,192.5333333,162.3566667,8.941176471,25.3125,153.5714286,-35.28571429,-30.21052632,3.076923077,88,7907,16,8886,1398,14.29212251,542.6515601,100,12.4
10-08-2020,11687,213,9.366232392,5.361292166,0.022235635,0.023754086,51.13,175.7733333,131.68,4,16.61538462,211.1428571,-29.85714286,-13.57894737,-1,87,8984,17,8983,1430,14.61248971,426.6024132,92,18.9
11-08-2020,11772,216,9.373479109,5.375278408,0.007246717,0.013986242,44.4,152.5933333,115.5333333,4.384615385,14.5,243.8571429,-30.28571429,-14.22222222,-2.428571429,91,8687,18,9113,1408,14.03377479,420.4845109,63,14.8
12-08-2020,11893,217,9.383705271,5.379897354,0.010226161,0.004618946,47.5,133.9633333,111.8866667,-1.538461538,8.307692308,79.57142857,-52.57142857,-62.89473684,11,86,8384,17,9261,1386,16.53093205,425.748053,58,13.5
13-08-2020,11969,220,9.390075253,5.393627546,0.006369982,0.013730193,62.54666667,187.29,142.6466667,8.5625,18.4375,73.875,-34.42857143,-31.57894737,5.076923077,86,0,17,9261,1386,17.09440374,411.2488557,45,13.5
14-08-2020,12053,221,9.397068871,5.398162702,0.006993618,0.004535155,60.60333333,194.6333333,148.88,12.70588235,24.33333333,81,-36.14285714,-30.31578947,4.571428571,86,0,17,9261,1386,17.73055108,440.7393111,68,13.7
15-08-2020,12053,221,9.397068871,5.398162702,0,0,61.23,186.7966667,150.09,8.933333333,18.2,70.57142857,-36.42857143,-30.84210526,5.076923077,86,0,17,9261,1386,15.38384591,531.5343836,81,18.3
16-08-2020,12053,221,9.397068871,5.398162702,0,0,54.51,191.5233333,152.5333333,-0.176470588,10.125,81.77777778,-36.71428571,-28.26315789,6.076923077,85,34834,23,9754,1191,15.39549441,490.0730618,82,20
17-08-2020,12412,224,9.426419026,5.411646052,0.029350155,0.01348335,50.75666667,186.2466667,138.0533333,-1.882352941,9.615384615,126.2222222,-22,-8.736842105,0.777777778,75,7204,20,9891,1146,18.02046958,516.8646233,74,22.9
18-08-2020,12419,225,9.426982837,5.416100402,0.000563811,0.00445435,47.57333333,150.8733333,120.08,-2.538461538,7.916666667,156.8571429,-21.14285714,-10.5,-1.142857143,76,7987,19,9984,1107,15.57272307,504.5896621,76,23.7
19-08-2020,12501,227,9.43356392,5.424950017,0.006581083,0.008849615,60.87666667,184.3133333,142.2466667,3.846153846,10.75,68,-32.85714286,-30.26315789,4.384615385,68,8563,18,10097,1125,16.9061335,540.2005678,76,19.8
20-08-2020,12604,228,9.441769503,5.429345629,0.008205583,0.004395611,59.78333333,178.1633333,139.7666667,3.625,7.875,51.625,-35.71428571,-29.36842105,5.642857143,68,0,18,10097,1125,17.36748193,464.0728576,59,20
21-08-2020,12748,230,9.453129676,5.438079309,0.011360173,0.00873368,59.20333333,185.6366667,144.33,6.266666667,14.4,50.625,-36.85714286,-29.21052632,6.307692308,68,0,18,10097,1125,17.26333625,490.8983909,59,18.7
22-08-2020,12748,230,9.453129676,5.438079309,0,0,59.43333333,190.3466667,148.8266667,4.3125,16.75,103,-35,-28.89473684,5.230769231,66,26381,14,10384,1090,15.85120618,438.164229,68,16.9
23-08-2020,12748,230,9.453129676,5.438079309,0,0,63.01666667,208.0166667,163.2,1.823529412,16,111.75,-32.42857143,-28.05263158,4.384615385,62,7059,14,10552,1004,20.49627211,552.9670419,78,15.6
24-08-2020,13006,234,9.473166068,5.455321115,0.020036393,0.017241806,53.24666667,195.9433333,145.7066667,0.705882353,12.16666667,168.25,-22.16666667,-8.736842105,-0.666666667,50,8036,13,10632,1044,14.52284909,487.046049,70,19.4
25-08-2020,13008,235,9.473319832,5.459585514,0.000153763,0.004264399,50.2,154.9666667,124.5833333,0.230769231,12.41666667,198.2857143,-22.57142857,-10.05882353,-2.625,50,7753,12,10713,1036,20.14845795,433.1775381,76,16.3
26-08-2020,13210,235,9.488729398,5.459585514,0.015409566,0,60.53666667,185.8633333,142.6833333,-10.2,3,92.33333333,-51,-34.22222222,4,48,8246,13,10796,1036,15.93525775,521.550406,57,15.3
27-08-2020,13318,237,9.496871783,5.468060141,0.008142385,0.008474627,63.98,195.1133333,146.65,-10.6,4,114,-52,-32.33333333,4.785714286,48,0,13,10796,1036,17.46321495,410.314889,50,14.1
28-08-2020,13476,237,9.508665605,5.468060141,0.011793822,0,65.73333333,192.7333333,145.47,-10,7.333333333,94,-52.66666667,-32.33333333,4.785714286,48,0,13,10796,1036,17.94950414,565.8983037,52,17.1
29-08-2020,13476,237,9.508665605,5.468060141,0,0,62.73666667,188.3633333,147.8366667,-9.4,7.333333333,70,-53,-32.11111111,4.769230769,45,28262,10,11056,1132,18.5347129,484.676643,48,12.5
30-08-2020,13476,237,9.508665605,5.468060141,0,0,62.99333333,208.71,162.25,-14.66666667,6.25,98,-48.66666667,-30.88888889,3.846153846,48,0,11,11159,1169,18.14244832,430.2184905,60,11.3
31-08-2020,13902,239,9.539787994,5.476463552,0.031122389,0.008403411,54.45333333,189.2666667,139.37,-19,-1,113,-39.66666667,-8,0.555555556,48,17059,12,11167,1107,16.0575216,432.3490847,61,12.3
01-09-2020,14066,241,9.551515817,5.484796933,0.011727823,0.008333382,50.03666667,151.3366667,119.6333333,-15,-3.25,135,-36.66666667,-8.25,-1.875,43,9287,12,11292,1084,16.60694227,346.2888401,32,16.8
02-09-2020,14180,242,9.5595878,5.488937726,0.008071983,0.004140793,64.39,178.4766667,138.1033333,-10.8,1.5,66.33333333,-51.33333333,-32.33333333,4.846153846,43,6940,9,11374,1144,13.6823061,404.131957,55,13.6
03-09-2020,14310,242,9.568713873,5.488937726,0.009126072,0,67.88666667,189.5366667,143.4366667,-9.8,4.75,99.33333333,-51.33333333,-31.44444444,5.071428571,43,0,9,11374,1144,15.02745721,603.8698095,49,13.9
04-09-2020,14474,242,9.580109215,5.488937726,0.011395343,0,68.86666667,190.3333333,145.4266667,-7.8,8.333333333,84,-50.66666667,-29.77777778,4.642857143,43,0,9,11374,1144,15.8809343,512.6012802,49,15.8
05-09-2020,14474,242,9.580109215,5.488937726,0,0,67.4,194.29,149.4333333,-6.4,9.666666667,78.33333333,-49.66666667,-30.66666667,3.785714286,45,31703,9,11600,1172,17.51683328,460.2498225,76,19.1
06-09-2020,14474,242,9.580109215,5.488937726,0,0,69.43,210.4466667,163.6866667,-13,5.5,98,-45.66666667,-28.55555556,3.230769231,46,8441,7,11714,1059,18.51607679,475.1456901,74,10.3
07-09-2020,14474,242,9.580109215,5.488937726,0,0,56.13666667,189.1133333,140.2933333,-15.66666667,0.25,78.33333333,-37.33333333,-8.6,0.222222222,48,9250,7,11799,1176,22.06351666,499.1772792,77,6.4
08-09-2020,15093,247,9.621986339,5.509388337,0.041877124,0.02045061,57.81666667,151.5966667,117.8733333,-11.2,-0.75,94.66666667,-34.66666667,-7.25,-0.5,49,10095,7,11923,1158,22.15486339,485.3159786,88,10.5
09-09-2020,15191,248,9.628458426,5.513428746,0.006472087,0.00404041,76.1,189.4666667,140.1166667,-6,3.333333333,58,-48,-31.22222222,4.538461538,44,10968,7,12054,1185,21.92866675,492.0121602,58,13.5
10-09-2020,15304,253,9.635869511,5.533389489,0.007411085,0.019960743,82.04666667,192.87,144.1533333,-4.2,10.66666667,79,-46.33333333,-30.88888889,4.642857143,44,0,7,12054,1185,22.59260405,466.019081,74,16.2
11-09-2020,15415,253,9.64309634,5.533389489,0.007226829,0,83.75,191.3133333,139.2733333,-7.2,9,39.33333333,-49.33333333,-30,5.142857143,44,0,7,12054,1185,23.80665207,350.6654367,35,17.9
12-09-2020,15415,253,9.64309634,5.533389489,0,0,84.12666667,196,145.2133333,-9.2,8.666666667,66.66666667,-47.33333333,-30.33333333,4,44,33718,8,12293,1370,21.08474958,443.1460476,61,12.9
13-09-2020,15415,253,9.64309634,5.533389489,0,0,81.14,218.2,164.9633333,-10,10.25,89.66666667,-42,-29.55555556,2,50,9340,10,12427,1398,25.00810504,477.9266835,73,11.2
14-09-2020,15833,254,9.669851649,5.537334267,0.026755308,0.003944778,61.53,196.82,139.22,-16.33333333,0.75,131.6666667,-38,-14.16666667,-0.333333333,50,8313,9,12535,1403,23.91869385,370.2446117,90,11.2
15-09-2020,15957,254,9.677652883,5.537334267,0.007801235,0,50.14333333,141.5,108.8433333,-14.8,-7,53.33333333,-42,-13.25,0.428571429,46,9553,9,12653,1415,19.92953173,554.091779,100,9.2
16-09-2020,16128,254,9.688312171,5.537334267,0.010659287,0,61.95,130.84,105.35,-19.5,2,33,-63.66666667,-68.5,14.22222222,47,10712,9,12799,1433,19.21069959,420.7344542,78,13.3
17-09-2020,16274,254,9.697324021,5.537334267,0.00901185,0,87.29666667,177.0933333,134.1233333,-11,5,54.33333333,-45.33333333,-31.11111111,4.615384615,47,0,9,12799,1433,23.32791637,424.261832,60,13
18-09-2020,16381,255,9.703877406,5.541263545,0.006553384,0.003929278,82.97333333,189.68,137.21,-10,6.666666667,71.66666667,-45.66666667,-28.33333333,3.214285714,47,0,9,12799,1433,22.28512752,462.2645049,57,12.6
19-09-2020,16381,255,9.703877406,5.541263545,0,0,78.78333333,189.8666667,140.7466667,-10.66666667,5.666666667,90.33333333,-46,-29,2.214285714,47,0,9,12799,1433,20.75021838,496.4890568,72,13.8
20-09-2020,16381,255,9.703877406,5.541263545,0,0,78.80666667,212.6866667,158.3766667,-2.882352941,7.5,80.25,-25.625,-21.94736842,1.846153846,45,47445,10,13154,1692,23.74689866,419.3060498,77,13.6
21-09-2020,16739,256,9.725496605,5.545177444,0.021619199,0.003913899,61.51333333,193.5833333,138.97,-3.705882353,9.166666667,87.22222222,-19.28571429,-8.105263158,0.444444444,45,10510,7,13358,1585,24.85607494,448.294024,83,12.2
22-09-2020,16889,258,9.734417801,5.552959585,0.008921196,0.00778214,52.17333333,134.0266667,106.2533333,-6.666666667,6.833333333,63.55555556,-30.625,-10.77777778,0.857142857,43,9725,7,13557,1494,21.87347011,505.898893,59,10.4
23-09-2020,17032,260,9.742849207,5.560681631,0.008431405,0.007722046,73.80666667,160.49,125.6166667,-0.875,3.928571429,39.44444444,-33.125,-21.52631579,3.428571429,41,11989,6,13718,1444,23.80803076,468.8352181,56,12
24-09-2020,17190,261,9.752083098,5.564520407,0.009233892,0.003838776,72.08,159.76,129.57,0.823529412,6.785714286,38.33333333,-32.25,-21.21052632,4,41,0,6,13718,1444,21.19878546,444.9642854,43,13.6
25-09-2020,17343,261,9.760944246,5.564520407,0.008861147,0,73.99,174.0533333,132.5466667,-0.588235294,5.533333333,57.44444444,-34.75,-21.89473684,3.571428571,41,0,6,13718,1444,21.67658703,477.5027075,53,9.5
26-09-2020,17343,261,9.760944246,5.564520407,0,0,73.41333333,180.1633333,136.5133333,-2.125,5.785714286,59.22222222,-31.25,-21.73684211,3.285714286,37,46158,7,14041,1538,21.72231884,491.992252,64,10.8
27-09-2020,17343,261,9.760944246,5.564520407,0,0,79.50666667,207.2666667,156.1333333,-0.176470588,7.133333333,73.375,-29.25,-19.31578947,3.230769231,39,12990,7,14212,1491,24.96752399,484.6048584,80,10.7
28-09-2020,17749,265,9.784084455,5.579729826,0.02314021,0.015209419,61.37,195.49,139.2566667,-3.235294118,8.333333333,83.44444444,-31,-8.157894737,0.555555556,38,12551,6,14379,1495,22.40259736,447.205984,91,14.4
29-09-2020,17909,266,9.793058659,5.583496309,0.008974203,0.003766483,54.65,142.3533333,107.54,-3,8.333333333,91.22222222,-31.375,-8.411764706,0.285714286,41,13009,8,14537,1483,19.28924687,349.788944,58,12.6
30-09-2020,18062,267,9.801565563,5.587248658,0.008506904,0.00375235,71.87,158.68,121.7233333,-1.5625,4.785714286,54,-33.5,-22.57894737,4.076923077,44,11318,7,14702,1424,21.34832001,418.0696761,67,9.8
01-10-2020,18235,269,9.811098103,5.59471138,0.00953254,0.007462721,69.54666667,164.2733333,123.1933333,-3.352941176,3.466666667,49.44444444,-35.875,-21.05263158,4.428571429,44,0,7,14702,1424,25.1791514,409.0485468,50,13
02-10-2020,18357,272,9.817766252,5.605802066,0.006668149,0.011090687,68.54,162.3866667,125.0833333,-3.882352941,5.375,43.44444444,-37.125,-18.73684211,3.823529412,44,0,7,14702,1424,20.62067476,496.8868047,57,12.2
03-10-2020,18357,272,9.817766252,5.605802066,0,0,70.40666667,171.7833333,130.9533333,-6.0625,6.3125,33.6,-37.375,-19.21052632,4.470588235,51,34976,9,15024,1459,20.95242864,415.4755937,80,12.4
04-10-2020,18357,272,9.817766252,5.605802066,0,0,73.67333333,196.0566667,147.11,-5.705882353,5.4375,49.55555556,-37.375,-16.78947368,4.176470588,51,14267,9,15066,1565,25.90461425,488.5310918,72,16.2
05-10-2020,18935,280,9.84876734,5.634789603,0.031001088,0.028987537,62.61666667,188.43,136.9,-4.352941176,10.75,79.33333333,-28.85714286,-4.315789474,1.25,59,12324,13,15252,1520,19.15002526,498.5128353,85,13.3
06-10-2020,19211,281,9.863238311,5.638354669,0.01447097,0.003565066,51.47333333,131.0533333,103.75,-7.071428571,7.5,70,-37,-6.294117647,1.083333333,58,12776,14,15467,1462,19.37231339,464.5386764,44,11
07-10-2020,19354,281,9.870654395,5.638354669,0.007416085,0,66.69,154.5133333,117.6066667,-5.9375,4.2,33.77777778,-37.375,-18.84210526,3.764705882,56,14222,14,15585,1497,27.41914333,412.0776622,77,10.1
08-10-2020,19718,283,9.889287203,5.645446898,0.018632808,0.007092228,69.96,166.3166667,121.5,-4.529411765,4.533333333,33.88888889,-38.375,-19,3.764705882,56,0,14,15585,1497,26.98369758,446.9106847,62,10.9
09-10-2020,19995,282,9.903237521,5.641907071,0.013950318,-0.003539827,69.14333333,157.8566667,123.6166667,-0.647058824,9.6875,29.11111111,-39.5,-19.84210526,2.764705882,56,0,14,15585,1497,21.72247832,505.0043688,66,7.5
10-10-2020,19995,282,9.903237521,5.641907071,0,0,68.47333333,164.14,129.86,-1.117647059,11.5,31.8,-37.5,-18.94736842,2.176470588,63,51289,15,15935,1549,23.38964835,435.614102,55,15.2
11-10-2020,19995,282,9.903237521,5.641907071,0,0,74.61333333,199.23,147.24,-4.058823529,9.375,43.88888889,-28.375,-16.21052632,2.176470588,63,16192,13,16072,1571,26.89118159,422.0520301,53,6.6
12-10-2020,19995,282,9.903237521,5.641907071,0,0,63.44333333,193.1966667,137.2733333,-2.411764706,13.25,98.33333333,-25.71428571,-9.052631579,-0.461538462,64,14058,13,16213,1582,25.20564845,450.5611426,74,2.7
13-10-2020,20956,286,9.950180281,5.655991811,0.046942759,0.01408474,50.95,125.4266667,101.3366667,-7.6,10.16666667,59,-33.71428571,-12.33333333,1.083333333,64,14696,12,16370,1596,22.87055845,435.9499592,64,-0.6
14-10-2020,21199,287,9.96170929,5.659482216,0.011529009,0.003490405,66.75666667,150.3166667,114.52,-3.764705882,5.1875,25.88888889,-31.625,-20.36842105,2.647058824,64,13402,15,16527,1558,24.61246433,416.7844921,83,1.3
15-10-2020,21443,288,9.973153531,5.66296048,0.011444241,0.003478264,68.32333333,152.43,117.35,-5.117647059,9.466666667,17.22222222,-33.375,-19.89473684,3.235294118,64,0,15,16527,1558,20.22835957,478.071256,49,0.1
16-10-2020,21775,288,9.988517802,5.66296048,0.015364271,0,66.23,154,119.0466667,-5.176470588,7.866666667,17.44444444,-37.875,-18.73684211,3.352941176,64,0,15,16527,1558,25.00627577,449.5057193,59,-0.3
17-10-2020,21775,288,9.988517802,5.66296048,0,0,65.31,155.82,123.68,-3.941176471,10.4,12.2,-34.125,-18.42105263,4.058823529,62,46048,14,16872,1783,25.12996741,406.280178,49,-6
18-10-2020,21775,288,9.988517802,5.66296048,0,0,66.79666667,172.9133333,140.85,-3,12.625,24.1,-30.5,-21.05263158,4.235294118,61,17657,13,17030,1900,25.86946833,451.9325082,81,-7.6
19-10-2020,22673,292,10.02893007,5.676753802,0.040412267,0.013793322,58.58333333,154.8633333,116.75,-8.470588235,16.16666667,57.3,-31.71428571,-11.52631579,1.5,66,13616,13,17163,1910,32.42396214,514.2082044,84,-4.4
20-10-2020,22996,293,10.04307557,5.680172609,0.014145499,0.003418807,45.03,110.5733333,82.14,-18.4,4.416666667,25.1,-40.28571429,-14.16666667,1.363636364,77,16439,13,17338,2097,22.13973368,506.929725,63,-1.5
21-10-2020,23402,296,10.06057677,5.690359454,0.017501201,0.010186845,44.61666667,92.45666667,79.76,-24.57142857,-5.727272727,18.88888889,-56.375,-66.89473684,14.29411765,86,25406,11,17488,2225,24.01875659,508.3844677,63,-5.9
22-10-2020,23829,296,10.07865861,5.690359454,0.018081838,0,63.56666667,139.22,114.4466667,-9.117647059,-1.4,-0.6,-36,-20.63157895,5.235294118,86,0,11,17488,2225,23.74252025,435.4833194,50,-9
23-10-2020,24261,300,10.0966254,5.703782475,0.017966796,0.01342302,64.53,150.1433333,115.3266667,-8.176470588,2.533333333,-7.1,-38.875,-18.68421053,5.764705882,86,0,11,17488,2225,26.8452423,504.1628599,73,-10.4
24-10-2020,24261,300,10.0966254,5.703782475,0,0,63.70333333,156.4833333,122.2033333,-4.117647059,5.625,-7.3,-36.5,-17.94736842,5.117647059,86,0,11,17488,2225,27.88043087,467.5651226,78,-13.4
25-10-2020,24261,300,10.0966254,5.703782475,0,0,64.14333333,163.08,131.9433333,-11.05882353,-1,-21.5,-38.5,-15.68421053,6.823529412,97,58211,13,18055,2615,22.33994587,415.7507428,55,-10.9
26-10-2020,25733,307,10.15552949,5.726847748,0.058904092,0.023065273,55.05,157.72,118.9466667,-11.64705882,2.75,-13.8,-40,-8.894736842,4.5,100,14901,14,18223,2689,26.56436485,498.6502956,59,-1.2
27-10-2020,26155,309,10.17179566,5.733341277,0.016266162,0.006493529,47.27666667,111.84,88.35,-16.53333333,-2.083333333,-26.5,-44.42857143,-13.05555556,5.090909091,101,12742,16,18417,2738,27.93865674,431.5712501,90,8.3
28-10-2020,26565,313,10.18734984,5.746203191,0.015554183,0.012861914,63.93,137.4733333,109.8733333,-10.17647059,-3,-19.6,-37.625,-19.26315789,5.588235294,117,14227,11,18651,2836,23.1759315,471.5570605,61,2.1
29-10-2020,27042,318,10.20514649,5.762051383,0.017796653,0.015848192,65.73666667,145.75,113.2533333,-4.588235294,4.25,-13.1,-33.875,-18.47368421,5.470588235,117,0,11,18651,2836,23.4679559,497.0867438,83,2.4
30-10-2020,27664,323,10.22788721,5.777652323,0.022740716,0.01560094,63.00333333,138.2733333,110.5466667,-10.6875,0.666666667,-24.4,-38.25,-17.78947368,6.529411765,117,0,11,18651,2836,25.31026633,396.0273739,74,5.2
31-10-2020,27664,323,10.22788721,5.777652323,0,0,58.65333333,142.0466667,112.92,-9.294117647,2.1875,-24.5,-38,-17.89473684,6.058823529,117,42206,18,19243,3138,18.98516586,380.6728262,64,1.7
01-11-2020,27664,323,10.22788721,5.777652323,0,0,65.28,160.1366667,129.6133333,-13,-0.5625,-27,-35.75,-16.31578947,7.058823529,116,13010,16,19500,3203,23.81835419,443.9508186,87,8.5
02-11-2020,27664,323,10.22788721,5.777652323,0,0,52.03666667,144.3133333,115.07,-14.17647059,3.75,-21.1,-41,-8.789473684,4.583333333,113,14916,16,19734,3372,30.29418642,415.5349829,65,13
03-11-2020,29932,338,10.30668342,5.823045895,0.078796213,0.045393572,47.93,104.88,87.46333333,-17.46666667,-0.5,-13.8,-43.57142857,-11.83333333,4.636363636,112,14326,18,20014,3519,31.35912672,445.3028315,67,13
04-11-2020,30477,343,10.32472758,5.837730447,0.018044159,0.014684552,60.78333333,127.92,104.65,-10.1875,0.066666667,-16.3,-38.5,-18.26315789,5.647058824,112,15246,14,20310,3651,27.27455025,482.3309384,100,8.8
05-11-2020,30477,343,10.32472758,5.837730447,0,0,62.73666667,136.4833333,110.1966667,-10,-1.4375,-13.3,-30.375,-17.52631579,5.529411765,112,0,14,20310,3651,18.69624996,512.9684316,57,6.9
06-11-2020,31858,352,10.36904381,5.863631176,0.044316227,0.025900728,60.53,137.55,110.2766667,-6.764705882,5.25,-17.6,-35.75,-16.63157895,4.764705882,112,0,14,20310,3651,33.68245655,477.1862482,64,0.1
07-11-2020,31858,352,10.36904381,5.863631176,0,0,62.56666667,146.91,116.0133333,-5.235294118,5.4375,-23.4,-34.625,-16.73684211,4.529411765,118,46193,16,20949,4477,32.36901311,507.6688473,55,-3.8
08-11-2020,31858,352,10.36904381,5.863631176,0,0,62.74666667,170.9066667,133.8233333,-7.882352941,6.8,-21.5,-36.5,-14.78947368,4.941176471,123,9337,16,21108,4738,28.7742558,502.8957569,54,-9.3
09-11-2020,34160,369,10.43881065,5.910796644,0.069766841,0.047165468,59.49333333,172.28,116.3566667,-9,10.83333333,6,-24.85714286,-8.315789474,2.25,125,10641,19,21459,4793,26.32187283,438.3678451,36,-5.8
10-11-2020,34873,376,10.45946817,5.929589143,0.020657522,0.018792499,45.85333333,113.5566667,86.28,-14.46666667,1.25,7.7,-39.42857143,-13.27777778,2.583333333,130,12186,18,21803,4921,33.2618733,434.448753,54,-2.1
11-11-2020,34873,376,10.45946817,5.929589143,0,0,61.69333333,136.2633333,103.44,-7.705882353,-1.533333333,-3.1,-34.375,-18.26315789,4.235294118,140,12967,25,22169,5172,29.13194836,510.8093294,62,-10.4
12-11-2020,36405,393,10.50246141,5.973809612,0.042993237,0.044220468,60.25666667,140.1733333,103.85,-9.705882353,2,-7.3,-32.75,-17.78947368,4.823529412,140,0,25,22169,5172,32.19834015,478.5876519,53,-6.1
13-11-2020,37312,398,10.52707027,5.986452005,0.024608863,0.012642393,61.26,134.74,103.82,-9.764705882,-0.266666667,-12,-37,-17.63157895,5.588235294,140,0,25,22169,5172,31.85635743,461.519231,65,-3.3
14-11-2020,38338,401,10.55419685,5.993961427,0.027126581,0.007509422,60.91,134.9066667,106.4933333,-12.05882353,-0.6,-28.2,-39,-17.63157895,6.529411765,140,0,25,22169,5172,32.91480135,455.0565731,58,-3.1
15-11-2020,39329,407,10.57971744,6.008813185,0.025520589,0.014851758,64.56,153.56,119.6433333,-12.29411765,0.8125,-24,-37.625,-15,6.764705882,167,46120,27,23484,6110,27.95062309,493.3573811,67,-3.2
16-11-2020,40189,427,10.60134861,6.056784013,0.021631166,0.047970828,53.64333333,123.9266667,94.13333333,-23.05882353,-6.333333333,-36.7,-49,-11.78947368,7.083333333,164,7461,30,23874,6230,34.27638978,437.7073275,43,-0.8
17-11-2020,40962,432,10.62040009,6.068425588,0.019051481,0.011641575,45.78333333,91.96333333,72.06666667,-29.5,-17.54545455,-44.1,-54.85714286,-19.22222222,7.727272727,164,0,30,23874,6230,28.55211543,497.6146319,60,1.5
18-11-2020,41692,443,10.63806454,6.09356977,0.017664456,0.025144182,62.04,128.6133333,98.03333333,-15.125,-5.066666667,-27.3,-43.125,-24.84210526,8.411764706,171,26438,33,24684,6822,31.78752466,519.183873,87,-2.3
19-11-2020,42797,451,10.66422329,6.11146734,0.026158743,0.017897569,61.41333333,131.4733333,103.9333333,-14.5,-4.2,-31.8,-35.625,-22.47368421,8.058823529,171,0,33,24684,6822,29.35346846,463.3308104,56,-10.2
20-11-2020,43952,462,10.69085341,6.135564891,0.026630123,0.024097552,52.97333333,117.6833333,85.86666667,-24.26666667,-6.538461538,-20.2,-54,-59.42105263,18.17647059,171,0,33,24684,6822,26.48658541,451.282566,75,-4.9
21-11-2020,45288,471,10.72079738,6.154858094,0.029943967,0.019293203,58.07333333,121.4266667,93.46333333,-10.23529412,3.125,-28.4,-38.125,-24.52631579,8.117647059,192,0,39,25826,7965,26.02080092,482.3468714,74,-1.1
22-11-2020,46872,471,10.75517576,6.154858094,0.034378386,0,58.81333333,148.55,113.92,-9.823529412,4.333333333,-23.6,-38,-22.21052632,8.529411765,207,0,43,26407,8090,29.69785587,427.1218306,67,-5.4
23-11-2020,48421,476,10.78768888,6.165417854,0.032513122,0.01055976,48.36,130.22,96.06,-15.11764706,1,-15,-41.57142857,-10.94736842,5.5,207,0,43,26407,8090,27.19357556,497.2675837,76,-2.6
24-11-2020,49536,492,10.81045496,6.198478716,0.022766074,0.033060862,43.04,102.3333333,74.35666667,-19.8,-3.75,-17.3,-44.57142857,-14.05555556,5.636363636,225,0,51,27707,8305,29.3500366,497.6119626,42,-0.5
25-11-2020,50801,500,10.83567132,6.214608098,0.025216361,0.016129382,59.34333333,124.7833333,90.97,-13.88235294,-4.333333333,-26.6,-38.625,-19.52631579,7,240,0,54,28321,8593,31.28922364,456.9628517,66,-2.9
26-11-2020,51878,510,10.85665009,6.234410726,0.020978769,0.019802627,55.82333333,127.3933333,93.93,-15.52941176,-5.875,-26.5,-39.375,-19.94736842,8,256,0,54,28834,9103,36.13364043,514.4520669,67,0
27-11-2020,53105,519,10.88002636,6.251903883,0.023376278,0.017493157,55.16666667,125.33,93.65,-16.0625,-2.25,-29.5,-41.375,-18.36842105,7.941176471,262,0,58,29304,9618,27.03863353,511.6802111,58,4.7
28-11-2020,54836,524,10.91210219,6.261491684,0.032075827,0.009587801,53.10666667,122.7833333,95.81,-17.5625,-4.375,-37.7,-42,-18.73684211,8.411764706,264,0,57,29731,10031,25.62168095,496.3325637,65,0.3
29-11-2020,56444,533,10.94100428,6.278521424,0.028902084,0.01702974,58.27666667,150.1733333,113.22,-10.58823529,2.882352941,-29.6,-35.75,-17.15789474,7.941176471,268,0,57,30462,10068,31.53041487,514.1252631,88,-1
30-11-2020,58177,541,10.97124537,6.293419279,0.030241091,0.014897855,48.13666667,136.93,97.49333333,-14.75,6,-9.1,-40.85714286,-10.15789474,5.583333333,287,0,57,31192,10057,29.90712608,453.093019,100,2.3
01-12-2020,59484,551,10.99346265,6.311734809,0.022217281,0.01831553,40.55666667,103.9133333,72.82,-22.26666667,-2.833333333,-21.8,-40.83333333,-14.16666667,6,284,0,61,31964,10382,27.46896566,434.6753967,74,-1.5
02-12-2020,61169,561,11.0213958,6.329720906,0.027933156,0.017986096,53.96333333,127.78,90.15666667,-14.1875,-0.4,-26.5,-40.25,-20.47368421,7.352941176,310,0,58,32835,10655,30.27243025,415.7152362,64,1.8
03-12-2020,63023,575,11.05125502,6.354370041,0.029859214,0.024649135,51.11,124.7566667,91.63,-13.35294118,1.2,-26.8,-39.125,-20,8,320,219422,56,33543,11274,34.00125472,348.0261093,49,4.6
04-12-2020,64851,590,11.07984761,6.380122537,0.028592592,0.025752496,50.96666667,128.5633333,89.89666667,-17.6875,-2.6875,-29.1,-41.875,-20.31578947,9,319,19564,60,34206,12195,28.51880955,483.1942646,47,5.2
05-12-2020,66730,596,11.10840991,6.390240667,0.028562296,0.01011813,50.82666667,135.0433333,92.89666667,-14,2.266666667,-31,-41.75,-20.57894737,8.294117647,328,19551,62,34779,13166,26.11300466,363.3868424,59,3.6
06-12-2020,68566,615,11.13555206,6.421622268,0.027142158,0.031381601,51.13666667,150.9266667,106.1833333,-13.375,4.1875,-25.3,-39.5,-19.31578947,9.352941176,348,13617,66,35695,13349,65.86798042,499.1499897,58,4.7
07-12-2020,70301,631,11.1605413,6.447305863,0.024989238,0.025683595,41.64,126.0666667,90.01666667,-21.33333333,2.083333333,-13.7,-40.57142857,-12.21052632,7.666666667,355,15698,71,36582,13719,62.01815452,503.2739163,90,7.4
08-12-2020,72028,640,11.18481021,6.461468176,0.024268909,0.014162314,36.91333333,100.1433333,69.34,-24.93333333,-4.666666667,-16.6,-47,-16.11111111,7.545454545,383,15994,84,37316,14052,55.28016921,472.0695021,69,5
09-12-2020,73488,653,11.20487741,6.481577129,0.020067195,0.020108953,46.73,129.25,87.94,-17,-3.1875,-26.5,-47,-26.73684211,9.235294118,405,16330,86,38369,14217,65.43771359,465.2177031,65,-3.7
10-12-2020,75054,666,11.22596313,6.501289671,0.021085727,0.019712541,51.75,134.2766667,90.18,-15.86666667,6,-22.2,-43.125,-26.21052632,9.705882353,415,21742,88,39381,14931,55.55888602,466.2031288,66,-6.9
11-12-2020,76792,684,11.24885575,6.527957918,0.022892614,0.026668247,45.42666667,136.2633333,91.29333333,-16.6875,2.733333333,-20.9,-44.625,-25.42105263,9.941176471,435,23360,95,40219,15692,61.9796921,403.7903206,87,-10
12-12-2020,78382,697,11.26934959,6.546785411,0.020493841,0.018827493,46.18666667,138.3133333,94.89333333,-17.0625,0.625,-17.3,-43.875,-24.26315789,10.11764706,453,20602,96,41182,16454,54.77766121,560.4620346,82,-9.4
13-12-2020,80099,719,11.29101865,6.577861358,0.02166906,0.031075947,45.93666667,154.0033333,108.3633333,-18.47058824,0.470588235,-12,-39.25,-22.15789474,10.58823529,479,15900,97,42305,16628,59.79963193,524.7088744,89,-15.5
14-12-2020,81986,733,11.31430378,6.597145702,0.023285131,0.019284344,40.39666667,137.4466667,95.83666667,-19.5625,4.833333333,12.1,-37,-12.47368421,7.416666667,504,18484,97,43464,17144,70.33577738,433.9010307,77,-9
15-12-2020,83327,744,11.33052791,6.612041035,0.016224125,0.014895333,37.55,109.5666667,74.40333333,-24.93333333,-2.583333333,10.1,-42.85714286,-15.70588235,7.090909091,511,19697,97,44705,17743,61.10572973,402.126485,74,-2.9
16-12-2020,84597,760,11.34565408,6.633318433,0.015126179,0.021277398,44.33333333,131.62,90.75666667,-18.26666667,-2.066666667,-20.8,-43.75,-26.42105263,9.235294118,533,17258,99,46018,18243,59.72091143,459.2897605,56,0.5
17-12-2020,86168,790,11.36405416,6.672032945,0.018400074,0.038714512,43.86666667,132.98,92.04666667,-17.8,-0.8125,-20.7,-44.125,-24.42105263,9.705882353,563,21144,101,47328,18806,64.36802148,507.9311106,49,-2
18-12-2020,86168,790,11.36405416,6.672032945,0,0,41.92333333,132.0266667,91.27666667,-17.46666667,2.5,-29.6,-47,-25.21052632,10.58823529,601,23537,100,48467,19484,55.89686996,377.9343032,67,-3.3
19-12-2020,88933,841,11.39563856,6.73459166,0.031584398,0.062558715,42.92,137.1733333,98.26333333,-15.33333333,4.2,-29.6,-46,-24.78947368,10.17647059,609,20512,108,49603,20067,55.72172408,424.2338628,69,2
20-12-2020,90219,851,11.40999533,6.746412129,0.014356771,0.011820469,43.55,143.59,111.9366667,-15.4375,3.375,-32.1,-45.5,-22.10526316,10.94117647,654,19071,112,51000,20388,58.0352705,498.428161,57,1.1
21-12-2020,91459,860,11.42364606,6.756932389,0.013650737,0.010520261,37.65666667,133.03,97.87333333,-16.75,8.416666667,-23.1,-42.57142857,-9.842105263,7.666666667,685,16839,121,52636,20199,65.65683053,399.2545537,45,-0.1
22-12-2020,92480,871,11.43474768,6.769641977,0.01110162,0.012709588,30.26333333,89.10333333,66.59,-39.28571429,-10.91666667,-41.4,-51.66666667,-23.16666667,9.727272727,682,16859,124,54225,20163,58.04352687,417.9884388,77,-10.4
23-12-2020,93781,890,11.44871756,6.791221463,0.013969872,0.021579486,37.62333333,118.7466667,85.83333333,-28.5,-2.066666667,-33,-49,-31.68421053,12,684,21056,123,55947,20161,48.38569935,463.3979151,68,-7.8
24-12-2020,93781,890,11.44871756,6.791221463,0,0,39.37,126.5266667,92.17,-25.2,2.666666667,-28.4,-44.85714286,-31.73684211,12.35294118,681,20322,128,57613,20072,61.19989705,460.7323777,72,4.1
25-12-2020,93781,890,11.44871756,6.791221463,0,0,40.89,130.8033333,96.66666667,-23.06666667,7.0625,-22.7,-49.125,-30.73684211,12.17647059,681,21837,136,58818,20562,44.73479739,506.6755489,78,-1.3
26-12-2020,93781,890,11.44871756,6.791221463,0,0,39.18333333,128.49,97.14,-26.26666667,2.5,-34.6,-50.625,-30.78947368,12.76470588,716,20519,136,60130,21123,58.07239888,473.3346775,100,-6.3
27-12-2020,93781,890,11.44871756,6.791221463,0,0,37.62666667,143.6833333,113.29,-25.75,5.266666667,-30.4,-44.875,-27.31578947,13.47058824,742,16457,137,61934,20649,50.96911373,486.024719,53,-10.1
28-12-2020,98269,1002,11.4954639,6.909753282,0.046746339,0.118531819,36.66,130.11,98.19333333,-27.0625,8.75,-4.6,-43,-19.36842105,9.333333333,749,17661,139,63668,20169,53.46444044,490.4687638,54,-8.7
29-12-2020,99141,1028,11.50429836,6.935370446,0.008834463,0.025617164,31.67666667,113.3,80.17,-28.85714286,3.25,-0.4,-47.85714286,-22.22222222,8.181818182,763,19960,138,65513,19865,53.88809086,540.5384511,57,-11.1
30-12-2020,100428,1046,11.51719633,6.952728645,0.012897974,0.017358199,41.18,135.4633333,101.64,-14,14.875,-22,-51.875,-37,11.52941176,763,0,138,65513,19865,53.61529856,425.7717439,38,-5
31-12-2020,101628,1046,11.52907437,6.952728645,0.011878035,0,44.55666667,117.49,86.34,-23.66666667,9,-35.5,-49.25,-41.84210526,14.88235294,777,38215,151,68832,19260,59.59434963,494.6659158,47,-5.4
