date,totcases,totdeaths,logtot,logdet,logdiff,logddiff_det,transit,walking,driving,recreation,essentials,parks,station_transit,workplace,resedential,TotalHospitalized,DailyTested,TotalICU,TotalRecovered,TotalActive,british columbia,british columbia-us,Coronavirus,Mean Temp
01-03-2020,8,0,2.079441542,#NAME?,,,78.915,116.105,93.7,3.272727273,1.263157895,0.8125,5.555555556,0.7,0,,0,,1,5,3779.308289,17736.8885,37,3.3
02-03-2020,8,0,2.079441542,#NAME?,0,,86.255,121.16,100.935,2.583333333,3.391304348,21.4,1.923076923,1.8,0,,0,,1,5,3233.453556,15872.86894,32,4.8
03-03-2020,12,0,2.48490665,#NAME?,0.405465108,,84.735,120.785,106.54,2.56,2.454545455,15.30769231,2.5,2.769230769,-0.19047619,,0,,1,5,3159.609212,19056.33429,33,5.3
04-03-2020,13,0,2.564949357,#NAME?,0.080042708,,86,128.14,109.05,3.833333333,4.681818182,24.76923077,4.5,3.038461538,-0.428571429,,0,,1,6,3185.454069,16078.88968,29,7.2
05-03-2020,21,0,3.044522438,#NAME?,0.47957308,,88.185,127.305,109.57,4.166666667,4.333333333,18.07142857,1.083333333,3.615384615,-0.2,,0,,4,3,3264.904287,19244.65669,27,6.8
06-03-2020,21,0,3.044522438,#NAME?,0,,100.82,153.315,130.1,7.36,5.695652174,19.23076923,2.363636364,6.115384615,-1.65,,0,,4,3,3411.808671,17863.68738,34,6.8
07-03-2020,27,0,3.295836866,#NAME?,0.251314428,,106.065,179.47,124.75,7.72,6.904761905,29.17647059,3.666666667,3.454545455,-1.333333333,,0,,4,3,2983.658444,19526.49001,34,3.5
08-03-2020,27,1,3.295836866,0,0,inf,81.27,119.365,95.665,8.434782609,6.052631579,25.73333333,9.333333333,1.7,-1.111111111,,0,,4,3,2929.323837,18360.41734,45,2.8
09-03-2020,32,1,3.465735903,0,0.169899037,0,85.21,110.305,102.64,2.541666667,3.956521739,3.4,-2.076923077,3.115384615,0.4,,0,,4,4,2767.767118,17003.4164,58,1.8
10-03-2020,39,1,3.663561646,0,0.197825743,0,86.355,120.175,104.715,4.2,5.772727273,24.25,1.583333333,4.076923077,-0.428571429,,0,,4,4,2358.097525,19485.21896,64,4.9
11-03-2020,46,1,3.828641396,0,0.16507975,0,91.175,141.9,111.865,4.25,4.181818182,40.27272727,3.666666667,3.5,-0.476190476,,0,,4,4,3410.667266,21230.2521,70,6.8
12-03-2020,53,1,3.970291914,0,0.141650517,0,86.76,134.085,111.51,3.333333333,4.125,9.5,-0.083333333,3.153846154,0,,0,,4,8,2841.851162,18975.9257,83,4.7
13-03-2020,64,1,4.158883083,0,0.18859117,0,102.345,176.84,128.835,6.48,4.47826087,46.38461538,6.75,5.769230769,-1.55,,0,,4,9,3388.072805,19797.10182,86,5
14-03-2020,73,1,4.290459441,0,0.131576358,0,95.92,173.045,114.845,4.28,3.142857143,10.29411765,1.7,2.227272727,-0.083333333,,0,,4,17,3405.5089,18738.27842,100,5
15-03-2020,73,1,4.290459441,0,0,0,81.51,131.225,93.605,6.304347826,5.052631579,43.13333333,10.44444444,0.95,-0.444444444,,0,,4,17,1300.564869,9696.875722,22,1.1
16-03-2020,103,4,4.634728988,1.386294361,0.344269547,1.386294361,81.325,118.18,100.24,3,4.173913043,38.75,-0.538461538,1.576923077,-0.05,,0,,4,23,1372.178326,11681.92365,25,3.4
17-03-2020,186,7,5.225746674,1.945910149,0.591017685,0.559615788,79.975,110.315,100.555,1.64,1.636363636,8.153846154,-1.583333333,2.038461538,0.714285714,,0,,4,22,1431.921414,9292.619463,27,3.9
18-03-2020,231,7,5.442417711,1.945910149,0.216671037,0,80.53,118.5,102.13,2.875,7.363636364,36.41666667,1.25,2.115384615,0.19047619,,0,,4,27,1470.376888,10922.03109,28,5.1
19-03-2020,271,8,5.602118821,2.079441542,0.15970111,0.133531393,75.34,112.095,97.715,5.041666667,16.33333333,22,-3.083333333,2.192307692,0.25,,0,,4,34,1347.52138,9763.921986,31,6.5
20-03-2020,348,9,5.85220248,2.197224577,0.250083659,0.117783036,76.635,115.405,100.15,3.48,24.7826087,8.214285714,-7,1.615384615,1.05,,0,,4,41,1203.549797,12228.14751,34,6.5
21-03-2020,424,10,6.049733455,2.302585093,0.197530975,0.105360516,71.245,113.35,88.255,-2.36,18.14285714,1.117647059,-16.88888889,-2.5,2.545454545,,0,,4,48,946.3414837,12879.3507,32,5.6
22-03-2020,424,10,6.049733455,2.302585093,0,0,58.61,88.995,72.125,-1.826086957,12.47368421,38.26666667,-10.33333333,-6.65,2.25,,0,,5,58,1282.193318,9772.556668,37,6.7
23-03-2020,472,13,6.156978986,2.564949357,0.10724553,0.262364264,53.985,86.93,76.98,-0.583333333,28.27272727,41.81818182,-16,-17.5,5,,0,,5,67,1348.860192,8409.943506,38,7.2
24-03-2020,617,13,6.424869024,2.564949357,0.267890038,0,43.285,77.49,69.92,-11.45833333,22.40909091,55,-17.41666667,-23.34615385,7.421052632,,6326,,5,67,1407.984084,9304.138739,42,5.5
25-03-2020,659,14,6.490723535,2.63905733,0.065854511,0.074107972,37.275,71.67,65.82,-23.33333333,14.04545455,64.09090909,-24.25,-30.26923077,10.16666667,,0,,5,94,1404.861021,11288.48773,49,5.9
26-03-2020,725,14,6.586171655,2.63905733,0.09544812,0,32.34,66.56,62.9,-29.54166667,3.333333333,55.58333333,-29,-34.88461538,12.16666667,,0,,5,174,1664.595271,10374.68509,94,6.4
27-03-2020,792,16,6.674561392,2.772588722,0.088389737,0.133531393,31.43,67.75,65.685,-32.91666667,0.47826087,62.63636364,-29.5,-35.11538462,12,,0,,5,219,1395.325189,11256.91252,100,7.2
28-03-2020,884,17,6.784457063,2.833213344,0.109895671,0.060624622,27.735,60.555,55.03,-43.91666667,-10.85,50.71428571,-38.2,-32.69565217,10.375,,0,,5,258,1308.296902,9295.000687,78,8.7
29-03-2020,884,17,6.784457063,2.833213344,0,0,21.005,41.26,39.32,-48.75,-21.2,7.266666667,-47.77777778,-37.95454545,10.125,,11586,,6,333,1135.926937,11577.74603,78,10.3
30-03-2020,970,19,6.877296071,2.944438979,0.092839009,0.111225635,21.845,44.72,47.37,-45.56521739,-16.90909091,-1.357142857,-47.84615385,-43.65384615,15.375,,3384,,6,408,1370.33617,8541.811287,91,7.1
31-03-2020,1013,24,6.920671504,3.17805383,0.043375433,0.233614851,19.96,46.18,46.43,-47.2173913,-17.31818182,8.818181818,-46.92307692,-47.38461538,17,,5385,,6,408,1251.892498,10434.69595,82,6.2
01-04-2020,1066,25,6.971668605,3.218875825,0.0509971,0.040821995,20.45,48.885,49.365,-45.58333333,-16.68181818,27.36363636,-46.23076923,-47.84615385,16.8125,,0,,100,359,1327.047202,8957.792512,81,5.3
02-04-2020,1121,31,7.021976423,3.433987204,0.050307818,0.21511138,19.03,40.735,45.52,-50.70833333,-21.56521739,-12.26666667,-54.28571429,-49.11538462,18.5,,0,,173,431,1461.922286,9466.005059,74,5.8
03-04-2020,1174,35,7.068172,3.555348061,0.046195577,0.121360857,18.795,43.025,50.21,-49.91666667,-19.17391304,-7.571428571,-53,-47.46153846,18.4,,5058,,183,462,1234.419118,11410.1689,72,6.1
04-04-2020,1203,38,7.092573716,3.63758616,0.024401716,0.082238098,18.12,35.61,41.715,-56.375,-26.95,-19.21052632,-55.07692308,-43.54166667,14.875,,2822,,186,525,1437.49462,10949.94205,78,6
05-04-2020,1203,38,7.092573716,3.63758616,0,0,17.93,42.41,39.79,-52.47826087,-31.10526316,16.5,-58,-43.82608696,11.42857143,,2082,,275,501,1355.876694,9398.877141,73,6.8
06-04-2020,1266,39,7.143617603,3.663561646,0.051043887,0.025975486,19.755,41.2,45.735,-48.60869565,-25.90909091,-10.26666667,-54.76923077,-48.65384615,17.33333333,,2054,,396,471,1156.845169,10470.08945,72,5.8
07-04-2020,1291,43,7.163172391,3.761200116,0.019554788,0.09763847,20.245,46.83,49.25,-45.58333333,-20.86363636,7.538461538,-50.61538462,-48.42307692,17.1875,,0,,396,471,1570.628788,10551.85259,66,7.3
08-04-2020,1336,48,7.197435354,3.871201011,0.034262963,0.110000895,19.315,45.905,49.545,-47.16666667,-21.63636364,9.166666667,-50.92307692,-48.46153846,17.875,,3331,,469,482,1525.037765,10873.61402,62,7
09-04-2020,1370,50,7.222566019,3.912023005,0.025130665,0.040821995,18.625,44.08,47.86,-47.86956522,-23.27272727,1.466666667,-55.85714286,-48.80769231,18.3125,,1201,,507,482,1202.016438,11211.95211,63,7.7
10-04-2020,1410,55,7.251344983,4.007333185,0.028778965,0.09531018,19.365,47.975,53.85,-46.83333333,-19.5,-2.714285714,-55.33333333,-46.57692308,18.66666667,,1410,,606,435,1251.621459,10542.14376,58,9.3
11-04-2020,1445,58,7.275864601,4.060443011,0.024519617,0.053109825,17.975,44.145,46.975,-51.20833333,-24.2,1.333333333,-52.84615385,-43.58333333,14.125,,1327,,641,449,1270.244362,10220.17091,56,10.1
12-04-2020,1445,58,7.275864601,4.060443011,0,0,17.51,40.75,41.185,-48.95833333,-28.4,19.86666667,-56.81818182,-45.09090909,11.71428571,,1386,,673,466,1238.725353,9609.673429,51,7.2
13-04-2020,1490,69,7.306531399,4.234106505,0.030666798,0.173663494,20.5,50.875,50.29,-42.375,-21.59090909,26.84615385,-53.38461538,-46.34615385,15.75,,1156,,704,461,1025.432661,9755.838348,53,7.6
14-04-2020,1517,72,7.324489979,4.276666119,0.01795858,0.042559614,19.275,50.95,51.465,-41.08333333,-18.36363636,43.90909091,-45.92307692,-46.84615385,16.4375,,0,,704,461,1206.709952,9995.407296,45,9.4
15-04-2020,1561,75,7.353081921,4.317488114,0.028591941,0.040821995,19.885,53.805,54.095,-40.5,-17.59090909,31.25,-47.61538462,-47.07692308,16.11764706,,1842,,783,444,77.08246568,2167.529574,78,9.8
16-04-2020,1575,77,7.362010551,4.343805422,0.008928631,0.026317308,19.18,57.42,60.53,-29.875,-3.375,37.8,-44.30769231,-46.76923077,15.23529412,,1073,,805,443,89.67024543,2136.027238,76,10.1
17-04-2020,1618,78,7.388946098,4.356708827,0.026935546,0.012903405,19.485,52.36,52.28,-50.41666667,-20.19047619,41.36363636,-54.84615385,-70.92307692,24.75,,989,,838,450,80.4134149,2034.058552,88,10.9
18-04-2020,1647,81,7.40671073,4.394449155,0.017764633,0.037740328,18.54,53.43,51.415,-44.29166667,-14.2,14.05882353,-51.91666667,-45,13.25,317,1093,67,858,462,91.03318688,2083.168471,99,13
19-04-2020,1647,81,7.40671073,4.394449155,0,0,16.88,44.475,41.425,-55.13043478,-38.75,25.8,-56.45454545,-45.56521739,10.85714286,317,0,67,879,476,80.75791941,2421.097392,93,12.8
20-04-2020,1699,86,7.437795122,4.454347296,0.031084391,0.059898142,19.105,51.01,48.885,-45.86363636,-27.42857143,33.33333333,-56.84615385,-60.88461538,19.25,317,0,67,905,482,75.98254343,2275.643977,88,10.7
21-04-2020,1724,87,7.452402451,4.465908119,0.01460733,0.011560822,19.365,53.895,55.295,-38.125,-15.95454545,28.81818182,-45.53846154,-46,16.17647059,317,0,67,905,482,77.07045353,2084.620225,100,10.7
22-04-2020,1795,90,7.492760301,4.49980967,0.04035785,0.033901552,20.39,57.765,59.295,-36.66666667,-13.86363636,37.81818182,-46.30769231,-45.53846154,16,317,2637,67,926,495,74.74652795,2384.887174,89,9.8
23-04-2020,1824,94,7.508787171,4.543294782,0.01602687,0.043485112,20.295,59.675,59.315,-37.33333333,-14.45833333,50.61538462,-45.38461538,-45.07692308,15.70588235,134,2484,58,942,503,85.97861512,2404.682658,85,11.1
24-04-2020,1853,98,7.524561226,4.584967479,0.015774056,0.041672696,19.78,58.195,63.965,-40.58333333,-16.08695652,17.08333333,-46.53846154,-43.03846154,16.5625,131,59,59,955,531,80.12209945,2027.252793,86,10.7
25-04-2020,1948,100,7.574558484,4.605170186,0.049997258,0.020202707,20.45,60.745,60.125,-40.58333333,-16.04761905,27.26666667,-47.08333333,-37.41666667,11.625,120,500,56,983,515,84.19541361,2121.378972,64,13.5
26-04-2020,1948,100,7.574558484,4.605170186,0,0,18.575,48.12,49.45,-39.08333333,-22.78947368,36.5,-53.7,-39.56521739,9.375,119,1483,52,966,574,77.46697937,2108.254529,52,10
27-04-2020,1998,103,7.599901959,4.634728988,0.025343475,0.029558802,20.67,58.06,59.045,-33.125,-14.47826087,43.33333333,-45.69230769,-42.96153846,13.875,115,0,54,987,579,81.15991871,1906.604039,69,12.2
28-04-2020,2053,105,7.627057417,4.65396035,0.027155458,0.019231362,19.055,53.8,58.66,-34,-14.47826087,32.45454545,-45.30769231,-43.38461538,14.70588235,115,0,54,987,579,101.2151426,1868.552966,72,10.2
29-04-2020,2087,109,7.643482907,4.691347882,0.01642549,0.037387532,18.89,49.325,58.435,-35.20833333,-11.63636364,3.769230769,-47.61538462,-44.30769231,15.94117647,104,3707,49,1039,574,83.59352464,2219.122506,72,10.1
30-04-2020,2112,111,7.655390645,4.709530201,0.011907738,0.018182319,19.7,57.325,61.665,-35.375,-11.95652174,29.30769231,-44.92307692,-43.73076923,15.64705882,109,1170,51,1041,596,90.64119921,2360.265416,70,12.3
01-05-2020,2145,112,7.670894831,4.718498871,0.015504187,0.00896867,20.375,60.23,69.97,-36.375,-11.26086957,36.07692308,-43,-41.65384615,14.5625,103,1432,46,1079,626,84.24820563,2206.130165,79,5.3
02-05-2020,2171,114,7.68294317,4.736198448,0.012048339,0.017699577,19.995,56.305,60.1,-41.29166667,-13.9047619,3.411764706,-51,-38.95652174,12.375,103,1576,44,1092,638,80.12136232,2234.826406,73,5.8
03-05-2020,2171,114,7.68294317,4.736198448,0,0,18.69,46.7,51.305,-39.7826087,-19.10526316,20.8,-53.1,-39.90909091,10,96,2862,41,1114,641,83.96947387,2472.640859,70,6.1
04-05-2020,2224,117,7.707062655,4.762173935,0.024119485,0.025975486,21.385,57.19,60.76,-34.16666667,-12.40909091,20.66666667,-47.38461538,-41.96153846,13.9375,96,0,41,1137,711,74.48888866,1900.447117,69,6
05-05-2020,2232,121,7.710653324,4.795790546,0.003590668,0.033616611,21,54.51,62.25,-31.79166667,-8.5,22.83333333,-42.61538462,-43,13.94117647,96,0,41,1137,711,91.38797291,2238.877501,46,6.8
06-05-2020,2255,124,7.720905252,4.820281566,0.010251928,0.02449102,20.07,56.51,63.33,-33.7826087,-7.5,21.76923077,-44.07692308,-43.30769231,14.82352941,97,7250,36,1190,705,68.97194272,2288.427997,39,5.8
07-05-2020,2288,126,7.735433352,4.836281907,0.014528101,0.016000341,22.025,65.345,69.025,-31.43478261,-6,44.15384615,-41.76923077,-42.80769231,14.29411765,94,2223,37,1231,717,76.98429232,2156.752073,59,7.3
08-05-2020,2315,127,7.747164967,4.844187086,0.011731614,0.00790518,23.895,72.74,77.025,-31.5,-6.956521739,54.36363636,-39.08333333,-39.88461538,13.375,89,2537,35,1305,673,85.54503493,2453.613974,62,7
09-05-2020,2330,129,7.753623547,4.859812404,0.00645858,0.015625318,21.58,54.575,63.445,-38.33333333,-10.19047619,3.5,-47.58333333,-38.12,11.5,82,2605,30,1322,679,85.96395872,2123.278189,68,7.7
10-05-2020,2330,129,7.753623547,4.859812404,0,0,21.72,56.945,57.4,-35.69565217,-13.21052632,30.93333333,-47.7,-37.36363636,9,79,2640,24,1357,676,90.44623221,2566.092911,62,9.3
11-05-2020,2353,130,7.763446389,4.86753445,0.009822842,0.007722046,23.62,64.21,66.12,-29.7826087,-6.772727273,38.78571429,-44.53846154,-39.53846154,12.64705882,79,0,24,1376,681,86.95885202,1942.191772,41,10.1
12-05-2020,2360,131,7.766416898,4.875197323,0.002970509,0.007662873,23.69,71.28,71.05,-26.33333333,-1.818181818,87.44444444,-35.23076923,-40.26923077,12.94444444,79,0,24,1376,681,75.5939067,2261.110471,34,7.2
13-05-2020,2376,132,7.77317368,4.882801923,0.006756782,0.007604599,23.26,67.045,70.23,-30.08333333,-3,29.72727273,-41.23076923,-40.34615385,14.76470588,77,7847,20,1417,690,87.55439334,2216.98406,29,7.6
14-05-2020,2392,135,7.779885115,4.905274778,0.006711435,0.022472856,25.09,77.11,77.03,-26.625,-1.541666667,68.63636364,-40.41666667,-40,13.35294118,78,1682,21,1472,639,71.79906151,2053.626834,27,9.4
15-05-2020,2407,140,7.786136438,4.941642423,0.006251323,0.036367644,28.5,87.8,87.235,-25.83333333,2.173913043,96.18181818,-35.58333333,-37.84615385,11.52941176,74,1894,19,1494,637,102.4681903,2321.607707,94,9.8
16-05-2020,2428,141,7.794823152,4.94875989,0.008686714,0.007117468,27,87.64,82.84,-25.5,9.285714286,84.07692308,-35.5,-33.45833333,7.5,76,2617,20,1512,650,100.0127351,2722.449639,81,10.1
17-05-2020,2428,141,7.794823152,4.94875989,0,0,24.81,70.265,68.905,-20.47826087,6.894736842,91.23076923,-36.1,-30,4.25,73,2284,20,1579,609,91.49091299,2096.474552,100,10.9
18-05-2020,2444,143,7.80139132,4.96284463,0.006568168,0.01408474,22.47,66.92,82.84,-26.25,-4.590909091,55.33333333,-36.84615385,-37.53846154,11.66666667,73,0,20,1659,542,100.1969908,2343.518058,89,13
19-05-2020,2446,146,7.802209316,4.983606622,0.000817996,0.020761991,18.36,54.01,68.905,-25.75,-1.260869565,45.2,-37.30769231,-37.65384615,12.77777778,73,0,20,1659,542,106.9072585,2519.658618,88,12.8
20-05-2020,2467,149,7.810758117,5.003946306,0.0085488,0.020339684,24.355,72.35,75.37,-26.125,0.409090909,48,-39.58333333,-37.84615385,13,66,6504,18,1719,504,107.1019677,2615.202807,87,10.7
21-05-2020,2479,152,7.815610532,5.023880521,0.004852416,0.019934215,25.155,76.695,80,-24.29166667,2.291666667,66,-38.75,-38,12.55555556,63,1496,16,1832,397,109.1961526,2503.530561,76,10.7
22-05-2020,2507,155,7.826842098,5.043425117,0.011231566,0.019544596,28.99,99.185,97.81,-23.08333333,4.869565217,101.2727273,-34,-38.11538462,10.83333333,59,1767,14,1859,385,119.1123366,2551.736158,81,9.8
23-05-2020,2517,157,7.830822995,5.056245805,0.003980897,0.012820688,23.605,71.68,76.005,-30.375,-0.19047619,19.07692308,-43.63636364,-34.95833333,9.125,58,2003,12,1885,372,94.49346064,2527.65194,85,11.1
24-05-2020,2517,157,7.830822995,5.056245805,0,0,24.15,72.385,70.305,-27.60869565,-4.263157895,58.69230769,-45.8,-34.27272727,7,51,1571,12,1908,359,93.37218596,2186.628609,73,10.7
25-05-2020,2530,161,7.835974582,5.081404365,0.005151587,0.02515856,30.31,90.07,79.005,-29.13636364,-4.6,163.1111111,-40.92307692,-69.46153846,16.63636364,49,0,11,1932,355,98.96339032,2718.91695,91,13.5
26-05-2020,2541,161,7.840312983,5.081404365,0.004338402,0,30.635,89.68,86.43,-18.30434783,3.47826087,97.66666667,-32.5,-35.73076923,10.83333333,49,0,11,1932,355,86.87124634,2654.757747,73,10
27-05-2020,2550,162,7.843848638,5.087596335,0.003535655,0.00619197,29.575,85.655,85.52,-17.54166667,6.590909091,46.45454545,-36.33333333,-34.76923077,11.88888889,47,0,12,1966,335,73.81600151,2594.003077,76,12.2
28-05-2020,2558,164,7.846980982,5.099866428,0.003132344,0.012270093,29.895,91.065,86.29,-19,4.041666667,36.58333333,-36.91666667,-34.53846154,12.44444444,45,6709,12,1975,325,75.50769044,2225.251256,71,10.2
29-05-2020,2562,164,7.848543482,5.099866428,0.0015625,0,31.33,100.755,97.71,-20.875,2.043478261,44.36363636,-35.58333333,-30.96153846,11.55555556,43,1192,10,2001,317,88.49762133,2666.66743,66,10.1
30-05-2020,2573,164,7.852827812,5.099866428,0.00428433,0,31.765,96.125,90.79,-21.58333333,2,69.38461538,-33.4,-24.08695652,6.2,43,1550,8,2020,307,100.0203549,2485.271966,76,12.3
31-05-2020,2573,164,7.852827812,5.099866428,0,0,29.21,81.76,77.8,-20.43478261,-3.263157895,66.35714286,-35.8,-25.57142857,5.75,41,2156,8,2042,310,82.43809915,2425.019814,65,12.3
01-06-2020,2597,166,7.862112212,5.111987788,0.009284399,0.012121361,31,83.945,85.45,-18.2173913,0.47826087,27.5,-36.61538462,-33.53846154,11.22222222,41,0,8,2057,303,99.44923349,2078.109214,74,12.9
02-06-2020,2601,165,7.863651265,5.105945474,0.001539054,-0.006042314,34.94,99.515,92.495,-14.52173913,1.869565217,96.66666667,-30.75,-30.34615385,9.722222222,41,0,8,2057,303,95.74348197,2607.708613,58,12.9
03-06-2020,2623,166,7.87207398,5.111987788,0.008422714,0.006042314,35.185,103.125,96.175,-10.39130435,10.22727273,112.4,-28.83333333,-29.46153846,8.789473684,37,5248,7,2102,267,90.22358142,2476.164318,62,13.2
04-06-2020,2632,166,7.875499292,5.111987788,0.003425313,0,35.655,104.155,96.62,-12.875,8.958333333,97.72727273,-31.83333333,-29.19230769,9.263157895,37,1131,7,2122,258,90.26911265,2537.344125,57,15.1
05-06-2020,2632,167,7.875499292,5.117993812,0,0.006006024,38.445,112.88,109.19,-13.95833333,8.260869565,113.3636364,-27.41666667,-27.80769231,7.833333333,37,1722,7,2144,244,116.579649,2117.171801,58,13.7
06-06-2020,2632,167,7.875499292,5.117993812,0,0,31.855,88.255,88.72,-20.375,5.904761905,32.84615385,-33.5,-18.18181818,6.5,33,2093,6,2153,241,98.96981312,2517.156484,60,14
07-06-2020,2632,167,7.875499292,5.117993812,0,0,32.945,85.18,77.98,-18.04545455,2.157894737,41.30769231,-32.33333333,-18.38095238,5,34,1256,6,2170,228,91.12987892,2268.931443,59,13.4
08-06-2020,2659,167,7.885705391,5.117993812,0.010206099,0,35.935,104.205,93.535,-9.52173913,5.956521739,88.88888889,-29.83333333,-26.30769231,7.777777778,34,0,6,2181,228,85.8471462,2399.768054,60,15.6
09-06-2020,2669,167,7.889459149,5.117993812,0.003753758,0,31.445,88.705,88.845,-13.95454545,5.260869565,44.6,-32.07692308,-28.23076923,9.789473684,34,0,6,2181,228,99.20427412,2115.841969,45,12.5
10-06-2020,2680,167,7.893572074,5.117993812,0.004112924,0,34.92,101.18,95.345,-13.17391304,5.863636364,86.7,-32.75,-27.34615385,8.736842105,32,5040,5,2207,224,100.5495749,2569.425241,56,16.4
11-06-2020,2694,167,7.898782357,5.117993812,0.005210283,0,35.11,100.23,97.585,-12.125,5.541666667,75.41666667,-32.16666667,-26.88461538,9.105263158,31,1325,8,2229,207,107.4299507,2417.914193,58,17
12-06-2020,2709,168,7.904334842,5.123963979,0.005552485,0.005970167,40.43,123.635,112.34,-12.83333333,5,111.2727273,-26.66666667,-25.65384615,7.5,32,1754,7,2243,214,86.14220405,2441.869512,52,14.7
13-06-2020,2709,168,7.904334842,5.123963979,0,0,35.555,112.975,101.175,-14.33333333,6.047619048,78.21428571,-31.08333333,-17.09090909,4.8,26,1989,6,2265,201,113.5943143,2482.301181,52,13.4
14-06-2020,2709,168,7.904334842,5.123963979,0,0,35.92,102.665,91.96,-11.22727273,1.631578947,93.66666667,-27.1,-17.71428571,3.375,21,6389,5,2272,193,112.5361675,2489.053867,47,14.6
15-06-2020,2745,168,7.917536354,5.123963979,0.013201512,0,36.52,98.805,94.285,-9.916666667,4.173913043,60.8,-31.23076923,-25.85185185,8.444444444,21,0,5,2272,193,153.2619537,2563.096472,84,12.7
16-06-2020,2756,168,7.921535632,5.123963979,0.003999278,0,34.16,94.44,92.195,-12.04347826,2.347826087,32.72727273,-30.84615385,-26.59259259,9.555555556,21,0,5,2272,193,210.0635803,2826.035148,89,14.2
17-06-2020,2775,168,7.928406026,5.123963979,0.006870394,0,36.58,102.83,98.07,-9.173913043,7.909090909,83.4,-30.5,-24.88888889,8.105263158,16,4681,4,2309,183,159.8202312,3096.426026,91,15.6
18-06-2020,2783,168,7.931284762,5.123963979,0.002878735,0,36.955,103.845,100.51,-9.956521739,7.333333333,74.66666667,-31.83333333,-24.96296296,8.526315789,15,1955,4,2319,183,159.9012155,3038.548889,80,15.3
19-06-2020,2790,168,7.933796875,5.123963979,0.002512113,0,38.56,109.945,111.865,-10.54166667,7.347826087,58.4,-28.91666667,-23.77777778,7.944444444,12,1439,4,2328,185,161.3875713,3345.703659,71,18.9
20-06-2020,2790,168,7.933796875,5.123963979,0,0,38.44,117.38,106.585,-12.125,8.142857143,61.75,-31.5,-12.42307692,5.4,13,1922,5,2344,183,184.9801196,2824.72221,81,18.1
21-06-2020,2790,168,7.933796875,5.123963979,0,0,34.39,90.63,89.375,-10.77272727,1.9,63.69230769,-29.7,-13.32,4.125,12,1900,3,2354,187,143.2393321,2951.560213,100,17.7
22-06-2020,2822,169,7.945201132,5.129898715,0.011404258,0.005934736,36.83,96.08,97.06,-6.375,7.47826087,36.45454545,-31.61538462,-24.59259259,8.5,12,0,3,2354,187,170.0500375,2893.332947,93,17.1
23-06-2020,2835,170,7.949797216,5.135798437,0.004596084,0.005899722,41.29,115.6,106.375,-2.916666667,11.22727273,116.7777778,-27.36363636,-23.48148148,7.473684211,12,0,3,2354,187,144.1808704,2570.75342,82,18
24-06-2020,2849,171,7.954723334,5.141663557,0.004926118,0.005865119,44.71,116.965,109.925,-5,11.54545455,118.6666667,-25.83333333,-24.07407407,7.052631579,13,2992,4,2395,182,141.4043037,2437.660859,72,18.2
25-06-2020,2869,173,7.961718816,5.153291594,0.006995481,0.011628038,44.195,121.315,117.095,-3.375,12.125,153.25,-22.75,-24.62962963,6.105263158,11,1469,5,2416,172,171.0774969,2735.982775,69,17.5
26-06-2020,2878,174,7.964850887,5.159055299,0.003132071,0.005763705,44.675,136.63,127.1,-3.541666667,15.26086957,145,-21.90909091,-23.51851852,4.722222222,11,1866,5,2422,185,149.9231763,2752.445655,74,17.5
27-06-2020,2878,174,7.964850887,5.159055299,0,0,36.96,113.78,108.6,-5.541666667,17.04761905,78.66666667,-29.77777778,-12.15384615,3.7,10,2024,5,2425,190,150.4138181,2792.773121,75,16.2
28-06-2020,2878,174,7.964850887,5.159055299,0,0,36.74,100.655,94.8,1.363636364,13.05263158,147.2,-14.77777778,-10.88,-0.125,11,1847,6,2444,178,152.0759061,3051.753401,79,16.1
29-06-2020,2904,174,7.973844376,5.159055299,0.008993488,0,45.12,118.3,109.455,-2.913043478,8.913043478,119.3333333,-28.41666667,-27.88888889,6.277777778,11,0,6,2444,178,169.9171125,3280.505468,74,17.4
30-06-2020,2916,174,7.977968093,5.159055299,0.004123717,0,41.74,115.995,109.885,-2.041666667,9.565217391,109.6666667,-26.36363636,-26.44444444,7.052631579,11,0,6,2444,178,177.1298357,3007.417769,71,16.7
01-07-2020,2916,174,7.977968093,5.159055299,0,0,43.935,125.53,115.3,1,17.40909091,105.3,-22.83333333,-24.40740741,6.8,14,5019,6,2471,182,144.2014997,2364.459549,86,13.9
02-07-2020,2940,177,7.98616486,5.176149733,0.008196767,0.017094433,46.995,131.73,124.155,1.458333333,14.91666667,154.1111111,-17.16666667,-23.62962963,5,16,1231,7,2491,174,162.5427996,2744.406652,83,15.6
03-07-2020,2947,177,7.988542983,5.176149733,0.002378122,0,46.685,135.975,134.49,-0.916666667,14.91304348,127.4444444,-17.54545455,-23.44444444,5.111111111,14,1664,7,2516,162,154.3240545,2696.20845,81,13.5
04-07-2020,2947,177,7.988542983,5.176149733,0,0,43.965,134.88,122.615,-2.458333333,15.52380952,102.3636364,-23.55555556,-13.26923077,3,15,2391,7,2517,179,152.5151293,3112.978541,66,15.6
05-07-2020,2947,177,7.988542983,5.176149733,0,0,43.605,120.555,115.44,6.090909091,15.26315789,153,-5.222222222,-10.92307692,0.5,17,1989,5,2545,159,174.4969581,2721.564146,77,15.2
06-07-2020,2978,183,7.999007213,5.209486153,0.010464231,0.03333642,47.53,131.365,122.095,9.083333333,16.95652174,152.625,-24.90909091,-28.7037037,5.111111111,17,0,5,2545,159,145.5621474,2967.054712,79,16.6
07-07-2020,2990,183,8.003028666,5.209486153,0.004021453,0,44.865,133.43,124.12,14.04166667,24.59090909,96.25,-25.2,-28.59259259,5.578947368,17,0,5,2545,159,135.3394389,2710.282567,79,16.1
08-07-2020,3008,186,8.009030685,5.225746674,0.006002019,0.016260521,42.78,111.065,103.145,-5.217391304,13.9047619,102.4444444,-41,-57.74074074,14.125,18,4684,5,2577,153,165.1052827,2555.820747,73,17.2
09-07-2020,3028,186,8.015657615,5.225746674,0.006626929,0,45.215,124.71,124.155,8.458333333,20.58333333,99.44444444,-29.3,-31.07407407,7.263157895,18,1320,4,2590,152,153.180423,2631.599221,78,17.1
10-07-2020,3053,187,8.023879993,5.231108617,0.008222378,0.005361943,46.735,127.265,136.635,8.208333333,22.04347826,79.66666667,-25.8,-30.96296296,6.777777778,18,0,4,2590,152,171.2933207,2607.859139,86,16.4
11-07-2020,3053,187,8.023879993,5.231108617,0,0,48.62,146.64,128.46,3.708333333,19.4,164.5833333,-11.55555556,-12.5,1.7,17,3494,2,2603,160,163.7647614,2846.810821,76,15.4
12-07-2020,3053,187,8.023879993,5.231108617,0,0,47.92,130.07,128.44,13.68181818,14.5,200.5,-7,-12.19230769,-1.25,19,1519,2,2608,162,174.373565,3368.253781,85,15.7
13-07-2020,3115,189,8.043984431,5.241747015,0.020104438,0.010638398,49.955,128.7,123.025,8.583333333,18.27272727,119.125,-24,-28.18518519,5.333333333,19,0,2,2608,162,128.2117668,3091.336848,85,15.3
14-07-2020,3128,189,8.048149102,5.241747015,0.00416467,0,47.385,126.495,122.06,7.166666667,18.5,109.6666667,-23.81818182,-28.48148148,6.631578947,19,0,2,2608,162,131.6503196,2575.839311,79,16.2
15-07-2020,3149,189,8.054840221,5.241747015,0.006691119,0,48.67,136.005,126.4,5.333333333,17.63636364,118.8888889,-23.63636364,-26.44444444,5.736842105,16,5631,4,2629,166,176.8302166,2848.804846,95,19.1
16-07-2020,3170,189,8.061486867,5.241747015,0.006646646,0,47.395,129.085,126.65,5.083333333,18.29166667,99.88888889,-21,-26.66666667,6.421052632,16,1241,4,2645,162,196.9850773,2688.676541,98,19.7
17-07-2020,3198,189,8.070280893,5.241747015,0.008794027,0,52.29,157.15,146.48,4.083333333,16.65217391,171.8571429,-18.8,-24.96296296,4.055555556,17,2059,3,2660,162,162.3908706,2567.352182,91,18.4
18-07-2020,3198,189,8.070280893,5.241747015,0,0,46.03,137.92,126.155,0.916666667,17.76190476,101.5833333,-18.44444444,-12.11538462,2.4,17,2139,4,2667,175,172.7393229,2714.953703,88,17.1
19-07-2020,3198,189,8.070280893,5.241747015,0,0,47.06,129.805,121.53,8.409090909,14.33333333,144.6666667,-5.777777778,-11.38461538,0.625,16,2624,5,2679,187,136.489815,2409.286513,61,18.6
20-07-2020,3330,189,8.110727583,5.241747015,0.04044669,0,50.96,136.865,127.86,9.875,19.72727273,144.25,-19.54545455,-26.92592593,4.444444444,16,0,5,2679,187,170.0002654,2376.894232,85,20.5
21-07-2020,3328,189,8.110126802,5.241747015,-0.000600781,0,51.235,140.095,130.845,8.739130435,19.31818182,176.625,-22.6,-27.14814815,4.789473684,16,0,5,2679,187,205.3090265,3253.091461,91,21.6
22-07-2020,3362,189,8.120291314,5.241747015,0.010164512,0,53.155,141.93,134.21,7.541666667,20.59090909,158.375,-25.7,-26.37037037,4.947368421,14,7142,5,2718,208,193.5163849,2624.706189,74,20
23-07-2020,3392,190,8.129174997,5.247024072,0.008883683,0.005277057,50.775,136.775,133.265,7.625,21.33333333,130.4,-23.6,-26.81481481,5.631578947,14,1496,5,2730,209,236.8500447,2974.513378,87,18.2
24-07-2020,3419,191,8.13710339,5.252273428,0.007928393,0.005249356,52.165,154.535,147.725,7.25,21.34782609,158.8571429,-16.8,-25.40740741,3.944444444,14,2396,5,2753,207,195.7998215,2709.491753,80,17.4
25-07-2020,3419,191,8.13710339,5.252273428,0,0,53.51,161.13,141.955,6.083333333,23.7,173,-10,-11.03846154,0.3,15,2654,3,2789,192,205.4628377,2932.348201,89,16.3
26-07-2020,3419,191,8.13710339,5.252273428,0,0,48.855,132.595,130.755,16.54545455,19.33333333,197.125,-7.5,-12.53846154,-1.375,18,3146,2,2802,207,183.1348319,2969.096665,78,17.9
27-07-2020,3500,193,8.160518247,5.262690189,0.023414858,0.010416761,53.79,139.325,134.425,14.125,24.59090909,170.625,-20,-26.66666667,3.789473684,18,0,2,2802,207,198.896007,2835.138412,87,20.3
28-07-2020,3523,194,8.167068178,5.267858159,0.006549931,0.00516797,51.62,139.485,132.22,11.33333333,22.18181818,175.875,-26.7,-26.59259259,4.55,18,0,2,2802,207,234.7663897,2829.226286,98,19.2
29-07-2020,3562,194,8.178077464,5.267858159,0.011009286,0,50.475,138.95,132.755,11.45833333,24.68181818,144.875,-21.81818182,-26.2962963,4.842105263,16,7376,4,2858,283,208.9000821,3099.516953,86,18.2
30-07-2020,3591,194,8.186185994,5.267858159,0.00810853,0,48.62,137.425,133.22,10.08333333,21.20833333,136.4285714,-24.6,-26.22222222,5.157894737,15,1677,3,2873,266,173.0109995,3438.777363,78,19.6
31-07-2020,3641,195,8.200013648,5.272999559,0.013827654,0.0051414,50.81,151.28,146.39,7.125,21.39130435,138.4285714,-16.90909091,-25.11111111,4.722222222,17,1677,3,2888,285,192.339936,2592.727235,100,21.2
01-08-2020,3641,195,8.200013648,5.272999559,0,0,51.49,157.17,140.705,5.958333333,24.05,170,-14.33333333,-11.26923077,0.3,16,4126,3,2898,304,147.151446,2880.401795,72,19.2
02-08-2020,3641,195,8.200013648,5.272999559,0,0,48.52,133.24,128.99,14.5,19.11111111,192.5714286,-7.625,-11.76923077,-1.666666667,12,2566,3,2934,294,174.8113442,3196.926868,86,20
03-08-2020,3641,195,8.200013648,5.272999559,0,0,52.25,135.11,133.725,14.91666667,24.77272727,183.2857143,-20.54545455,-29.18518519,4.055555556,12,0,3,2934,294,180.2451693,3014.040158,87,20.4
04-08-2020,3787,195,8.239329428,5.272999559,0.03931578,0,51.29,140.59,135.555,12.75,24.22727273,188.2857143,-20.63636364,-27.48148148,4.65,12,0,3,2934,294,158.8193268,3271.375799,99,20
05-08-2020,3834,195,8.251663924,5.272999559,0.012334496,0,52.475,142.3,138.44,12.45833333,26.31818182,165.25,-26.5,-27.59259259,4.368421053,11,7158,3,3043,264,163.4059846,2896.10669,74,20.7
06-08-2020,3881,195,8.263848131,5.272999559,0.012184208,0,52.76,144.21,145.195,14.625,28.625,187.2857143,-25.11111111,-27.92592593,4.157894737,9,1855,3,3076,253,191.3166788,3278.3216,78,17.9
07-08-2020,3934,195,8.277411999,5.272999559,0.013563868,0,53.18,155.88,159.48,13.54166667,31.47826087,183,-10.09090909,-28.62962963,3.333333333,6,2640,2,3109,259,189.0713831,3348.078755,79,16.8
08-08-2020,3934,195,8.277411999,5.272999559,0,0,51.365,163.715,143.225,10.70833333,32.66666667,188.25,-15,-14.96153846,0.2,5,3370,2,3155,242,195.171955,3406.478294,72,17.7
09-08-2020,3934,195,8.277411999,5.272999559,0,0,46.31,142.69,127.195,23.04545455,22.29411765,208.8571429,-3,-15.76923077,-0.875,5,3266,2,3168,278,189.0428274,2582.147154,67,16
10-08-2020,4065,195,8.310169022,5.272999559,0.032757023,0,48.29,128.74,126.235,13.26086957,25.33333333,251.5,-23.81818182,-63.18518519,10.72727273,5,0,2,3168,278,227.5835039,3271.782572,70,17.4
11-08-2020,4111,195,8.321421587,5.272999559,0.011252565,0,55.845,146.745,140.645,18.29166667,30.95454545,183.75,-17.7,-30.37037037,4.421052632,5,0,2,3168,278,167.1747441,3035.967146,71,16.5
12-08-2020,4196,196,8.34188697,5.278114659,0.020465383,0.005115101,53.785,149.195,144.3,14.91666667,29.27272727,188.4285714,-23.2,-28.62962963,4.315789474,5,0,2,3168,278,185.0424117,3192.548812,68,16.8
13-08-2020,4274,196,8.360305436,5.278114659,0.018418466,0,49.345,138.025,140.54,12.41666667,23.625,101.75,-24.7,-28.81481481,6,8,7449,4,3273,319,214.8148752,2959.603591,62,15.4
14-08-2020,4358,196,8.379768516,5.278114659,0.01946308,0,51.875,150.715,153.86,7.791666667,21.26086957,111.1428571,-13.90909091,-26.77777778,4.722222222,9,1726,6,3288,351,209.6585291,2943.300241,64,17.1
15-08-2020,4358,196,8.379768516,5.278114659,0,0,50.185,156.175,141.225,6.625,24.65,157,-5.333333333,-10.84615385,1.4,11,2560,5,3315,371,275.4244394,2931.763616,83,18.5
16-08-2020,4358,196,8.379768516,5.278114659,0,0,49.015,136.91,133.8,16.18181818,17.88888889,185.5714286,-8.375,-11.53846154,-0.75,11,2983,4,3353,386,317.7197113,2813.140239,82,21.6
17-08-2020,4594,198,8.432506383,5.288267031,0.052737868,0.010152371,53.21,141.705,138.85,14.83333333,24.18181818,166.1428571,-20.09090909,-28.44444444,4,11,0,4,3353,386,280.6222174,3113.720934,89,23.7
18-08-2020,4677,198,8.450412158,5.288267031,0.017905774,0,52.12,147.73,137.895,12.70833333,21.77272727,151.875,-22.6,-28.25925926,4.736842105,11,0,4,3353,386,279.8000182,2587.869616,99,20.9
19-08-2020,4745,198,8.464846711,5.288267031,0.014434553,0,50.495,147.55,140.015,10.26086957,22.59090909,143.25,-27.3,-26.96296296,5.105263158,9,8356,3,3425,445,256.6953303,2300.150612,91,19.6
20-08-2020,4825,200,8.481566014,5.298317367,0.016719303,0.010050336,52.425,149.975,148.445,11.16666667,22.58333333,164.5714286,-26.66666667,-28.48148148,4.842105263,8,2072,5,3444,472,288.4616374,2515.29749,88,19
21-08-2020,4915,202,8.500047033,5.308267697,0.018481019,0.009950331,54.795,169.645,161.78,8.291666667,23.30434783,181.8571429,-10.36363636,-26.2962963,3.5,8,0,5,3469,531,256.5864337,2813.795627,75,19.1
22-08-2020,4915,202,8.500047033,5.308267697,0,0,52.9,163.565,148.795,6.583333333,25.47619048,176.875,-12.125,-11.53846154,0.1,9,6592,4,3500,578,267.8209455,2485.329032,88,16
23-08-2020,4915,202,8.500047033,5.308267697,0,0,49.74,136.235,136.975,15.82608696,20.94444444,196.5714286,-5.625,-12.15384615,-1.875,12,3488,4,3533,629,295.2448189,3087.443551,79,16.6
24-08-2020,5184,203,8.553332238,5.313205979,0.053285205,0.004938282,54.555,146.72,142.2,-3.142857143,12,132,-36.66666667,-34,4.055555556,12,0,4,3533,629,326.6106199,2765.906663,86,17
25-08-2020,5242,203,8.564458384,5.313205979,0.011126146,0,54.545,153.12,142.61,-4,11.5,174,-38,-30.85714286,4.684210526,12,0,4,3533,629,279.1788415,3171.157106,77,15.4
26-08-2020,5304,203,8.576216532,5.313205979,0.011758148,0,51.98,148.11,141.99,-5.857142857,8.5,130.5,-36.66666667,-30.71428571,4.894736842,4,10730,3,3653,743,262.6282098,2783.743986,83,15.8
27-08-2020,5372,204,8.588955558,5.318119994,0.012739026,0.004914015,49.1,145.41,140.21,-5.857142857,10,58,-41,-31.64285714,5.631578947,6,2325,3,3704,775,280.2838847,2706.370175,90,15.9
28-08-2020,5496,204,8.611775834,5.318119994,0.022820276,0,49.41,152.855,149.545,-10.375,9.8,49.5,-34,-31.18181818,5.5,10,3497,4,3749,798,230.2861082,3582.422714,84,17.2
29-08-2020,5496,204,8.611775834,5.318119994,0,0,52.025,165.595,140.965,-11.125,11.4,112.5,-26.33333333,-11.42857143,0.8,11,4207,4,3845,780,333.5797112,2469.244004,78,16.5
30-08-2020,5496,204,8.611775834,5.318119994,0,0,46.15,132.58,127.01,-5.285714286,5.6,126,-22,-13.8,-0.5,13,4370,5,3889,824,257.3293275,2910.020502,80,14.6
31-08-2020,5790,208,8.663887571,5.33753808,0.052111737,0.019418086,53.25,143.83,135.5,-3.428571429,8,114,-36.33333333,-32.15384615,4.722222222,13,0,5,3889,824,256.684895,2293.002679,72,16.2
01-09-2020,5848,209,8.673855001,5.342334252,0.009967431,0.004796172,54.535,151.485,139.065,-4,10,165,-37.33333333,-30.14285714,4.473684211,13,0,5,3889,824,267.2381745,2991.860769,100,18.1
02-09-2020,5952,209,8.691482577,5.342334252,0.017627575,0,54.155,153.3,140.28,-2,10.75,142,-34.66666667,-29.38461538,3.842105263,18,11367,5,4068,913,288.5909119,2489.158889,81,17.9
03-09-2020,6041,210,8.70632484,5.347107531,0.014842264,0.004773279,55.58,158.475,147.58,-3.428571429,12,149,-37,-28.92857143,3.631578947,22,2030,7,4114,925,278.4287693,2873.429308,76,16.7
04-09-2020,6162,211,8.726156679,5.351858133,0.019831839,0.004750603,57.19,173.835,158.925,-6.875,13.4,142.5,-33.33333333,-29,2.684210526,21,4409,7,4119,982,287.443642,2593.359804,70,17.9
05-09-2020,6162,211,8.726156679,5.351858133,0,0,53.69,163.855,141.86,-11.125,11.8,104,-28.66666667,-11.57142857,0.5,22,4592,7,4253,915,266.321914,2806.277541,68,18
06-09-2020,6162,211,8.726156679,5.351858133,0,0,47.505,127.905,126.665,-3.714285714,6.2,94.33333333,-25.33333333,-13,-0.5,23,5417,7,4310,982,302.0022458,2739.997784,62,17.3
07-09-2020,6162,211,8.726156679,5.351858133,0,0,56.22,144.2,133.81,-2,10.25,89.5,-36.66666667,-31.83333333,4.388888889,23,0,7,4310,982,274.6367679,2753.227098,60,18.8
08-09-2020,6591,213,8.793460361,5.361292166,0.067303682,0.009434032,57.045,154.79,136.88,-2.285714286,11.5,140.5,-37,-30.30769231,4.210526316,23,0,7,4310,982,290.4036913,3016.51516,83,16.5
09-09-2020,6691,213,8.808518619,5.361292166,0.015058258,0,57.46,154.51,139.855,-4.142857143,8.75,122.5,-35.66666667,-29.61538462,4.473684211,28,13461,10,4466,1116,308.8684442,2608.375565,80,16.9
10-09-2020,6830,213,8.829079953,5.361292166,0.020561334,0,58.255,155.975,147.3,-4,10.5,136,-36.33333333,-29.71428571,3.631578947,31,2527,10,4505,1134,269.1758564,2931.876192,80,18.3
11-09-2020,6962,213,8.848222068,5.361292166,0.019142116,0,59.455,169.455,165.015,-5.5,15.2,127,-33.66666667,-31.27272727,2.666666667,33,5247,14,4605,1138,265.7398591,2158.648211,74,19.2
12-09-2020,6962,213,8.848222068,5.361292166,0,0,53.975,167.575,140.09,-9.875,11.4,98.5,-30.33333333,-16.42857143,0.4,34,5735,11,4644,1187,239.3000435,2451.088393,59,15.2
13-09-2020,6962,213,8.848222068,5.361292166,0,0,51.19,150.98,125.46,-0.142857143,5.4,147.5,-25.66666667,-16.4,-0.75,31,5977,12,4706,1245,203.3918881,3076.687019,58,13.9
14-09-2020,7279,219,8.892748769,5.38907173,0.044526701,0.027779564,55.2,138.27,129,-3.285714286,13,196,-41.66666667,-67.4375,10.36363636,31,0,12,4706,1245,246.1734613,2791.722778,75,14.3
15-09-2020,7376,219,8.905986765,5.38907173,0.013237996,0,60.99,145.6,135.74,-3,11.5,130,-36.66666667,-30.42857143,3.894736842,31,0,12,4706,1245,247.0443934,3291.638167,71,18.7
16-09-2020,7498,219,8.922391597,5.38907173,0.016404832,0,60.51,147.585,134.13,-6.571428571,8.5,128,-38,-28.92307692,3.789473684,31,0,12,4706,1245,232.9288622,2817.065037,81,17.2
17-09-2020,7663,220,8.944158831,5.393627546,0.021767234,0.004555817,61.22,149.75,135.69,-8.142857143,10,131.5,-39,-28.71428571,3.526315789,32,18593,12,4978,1400,257.4628884,3035.937541,75,17.6
18-09-2020,7842,223,8.967249183,5.407171771,0.023090352,0.013544225,61.94,160.995,148.595,2.12,12.56521739,131.2857143,-19.7,-22.59259259,2.157894737,37,3592,15,5086,1392,193.1599207,2800.840888,74,16.6
19-09-2020,7842,223,8.967249183,5.407171771,0,0,52.065,147.91,128.33,-0.916666667,16.8,118,-18.55555556,-11.38461538,1.9,42,5714,14,5190,1427,232.7751797,2612.54714,57,16
20-09-2020,7842,223,8.967249183,5.407171771,0,0,47.835,109.045,104.11,0.818181818,11.22222222,69.83333333,-14,-13.38461538,1.75,49,6536,10,5273,1476,288.4585515,2312.677014,63,16.7
21-09-2020,8208,227,9.012864567,5.424950017,0.045615385,0.017778246,52.705,122.425,118.07,2.25,11.31818182,54,-30.63636364,-22.2962963,4.555555556,49,0,10,5273,1476,270.6953973,2466.282086,73,16.3
22-09-2020,8304,227,9.024492605,5.424950017,0.011628038,0,53.325,131.175,121.24,4.25,14.04545455,87.125,-25.54545455,-21.07407407,4.7,49,0,10,5273,1476,229.0069464,2927.837894,84,16.5
23-09-2020,8395,227,9.03539157,5.424950017,0.010898964,0,55.045,133.75,124.615,-1.541666667,7.19047619,83.5,-25.25,-21.77777778,4.4,58,17125,16,5446,1614,321.4867414,3503.186145,86,15.9
24-09-2020,8543,229,9.052867513,5.433722004,0.017475944,0.008771986,54.655,133.95,126.355,-1.333333333,7.772727273,86.33333333,-23,-21.66666667,4.421052632,63,3598,20,5548,1609,288.1247078,3014.658648,80,15.9
25-09-2020,8641,230,9.064273596,5.438079309,0.011406083,0.004357305,55.98,153.765,139.925,0.64,9.260869565,85,-21.54545455,-19.74074074,3.421052632,60,6442,23,5646,1633,282.8585016,3124.022893,81,16
26-09-2020,8641,230,9.064273596,5.438079309,0,0,53.95,150.515,125.42,-2.791666667,12,70.75,-26.36363636,-9.961538462,2.8,57,7674,22,5719,1724,264.6482528,2865.840364,83,12.7
27-09-2020,8641,230,9.064273596,5.438079309,0,0,47.77,120.84,106.625,2.272727273,9.263157895,120.4166667,-13.11111111,-10.11538462,1.375,59,6049,20,5797,1822,263.4089744,3196.145081,66,13
28-09-2020,8908,233,9.094705028,5.451038454,0.030431433,0.012959145,54.075,124.31,114.635,0.291666667,7.636363636,87.22222222,-25,-22.96296296,4.444444444,59,0,20,5797,1822,227.6904783,3008.617599,57,13.4
29-09-2020,9013,234,9.106423259,5.455321115,0.01171823,0.004282662,52.005,127.98,117.235,0.25,9.318181818,100.4444444,-29.81818182,-20.81481481,4.473684211,59,0,20,5797,1822,259.7894892,2909.216627,78,13.7
30-09-2020,9138,234,9.120196822,5.455321115,0.013773564,0,48.48,113.99,114.175,-3.916666667,9.454545455,24.09090909,-34.41666667,-20.18518519,5.833333333,60,18130,21,5972,2009,296.7313497,2903.254412,72,15.5
01-10-2020,9220,235,9.129130317,5.459585514,0.008933494,0.004264399,49.255,121.155,117.07,-3.583333333,8.260869565,43.15384615,-30.91666667,-19.55555556,5.391304348,61,4405,22,6589,1488,239.9607844,2986.626376,77,14.9
02-10-2020,9381,238,9.146441646,5.472270674,0.01731133,0.01268516,54.33,146.885,130.39,-3.833333333,9.272727273,53.54545455,-24.84615385,-18.74074074,4.869565217,62,6398,18,6769,1399,251.2655473,2837.993578,75,14.2
03-10-2020,9381,238,9.146441646,5.472270674,0,0,50.925,139.785,117.995,-4.708333333,13.25,39.66666667,-30.72727273,-7.153846154,3.055555556,61,7605,20,6917,1397,247.514884,3118.875795,66,14.1
04-10-2020,9381,238,9.146441646,5.472270674,0,0,46.365,111.61,100.805,-1.590909091,7.736842105,78.84615385,-20.22222222,-8.846153846,1.588235294,62,8538,19,7036,1375,273.3235615,2357.768267,62,14
05-10-2020,9739,242,9.183893722,5.488937726,0.037452076,0.016667052,53.44,123.31,114.035,0,9.727272727,81.66666667,-27.33333333,-19.88888889,4.347826087,62,0,19,7036,1375,255.3850464,2515.126887,65,13.2
06-10-2020,9841,244,9.194312611,5.497168225,0.010418889,0.008230499,53.35,131.695,120.56,0.75,11.18181818,101.6666667,-28.27272727,-19.18518519,3.75,62,0,19,7036,1375,318.5318991,2737.97801,100,12.9
07-10-2020,9956,244,9.205930663,5.497168225,0.011618053,0,51.525,127.905,120.475,-1.416666667,9.818181818,82.5,-27.75,-19.77777778,3.75,69,21687,9,7346,1329,298.2034136,3328.829478,75,12.3
08-10-2020,10066,245,9.216918687,5.501258211,0.010988024,0.004089985,51.915,127.22,119.41,-2.416666667,9.913043478,65.58333333,-23.58333333,-18.03703704,3.5,69,6254,20,7485,1294,305.5345216,2588.423501,53,15.6
09-10-2020,10185,245,9.228671329,5.501258211,0.011752641,0,57.835,150.34,134.725,-3.291666667,9.545454545,89.36363636,-19.63636364,-16.22222222,2.47826087,72,9810,21,7591,1313,215.4591149,2997.803125,97,14.1
10-10-2020,10185,245,9.228671329,5.501258211,0,0,53.775,149.95,125.05,-2.708333333,13.1,92.66666667,-21.7,-10.03846154,1.222222222,69,10899,19,7695,1290,274.2877394,2806.22141,51,13.6
11-10-2020,10185,245,9.228671329,5.501258211,0,0,45.315,109.75,97.56,-2.181818182,9.736842105,66.53846154,-17.11111111,-12.88461538,1.235294118,63,11864,16,7813,1330,292.6439902,3092.02445,45,9.4
12-10-2020,10185,245,9.228671329,5.501258211,0,0,50.985,115.195,108.835,-1.791666667,10.86363636,58.88888889,-27.33333333,-19.96296296,3.739130435,63,0,16,7813,1330,331.4424247,2813.496251,97,11.3
13-10-2020,10734,250,9.281171553,5.521460918,0.052500224,0.020202707,50.64,123.375,112.925,-0.875,11.72727273,78.88888889,-28.27272727,-19.66666667,3.625,63,0,16,7813,1330,292.0781585,2862.127165,75,12
14-10-2020,10892,250,9.295783854,5.521460918,0.014612301,0,51.505,121.94,114.62,-4.083333333,9.136363636,74.5,-28.5,-18.07407407,4.125,66,33409,16,8115,1382,286.5795737,2758.918442,65,10.5
15-10-2020,11034,250,9.308736694,5.521460918,0.01295284,0,50.305,121.025,115.355,-4,12.52173913,53.76923077,-24.66666667,-18.03703704,4.458333333,71,8202,16,8184,1413,194.6851642,3042.579194,49,8.6
16-10-2020,11189,251,9.322686432,5.525452939,0.013949738,0.003992021,51.05,128.665,130.345,-4.666666667,15.68181818,36.38461538,-23.5,-19.22222222,4.434782609,72,6772,15,8296,1416,229.2145642,3255.070452,100,11.8
17-10-2020,11189,251,9.322686432,5.525452939,0,0,48.295,134.385,110.235,-6.375,24.15,47.46666667,-22.63636364,-13.42307692,3.5,76,12161,17,8398,1423,219.1176136,3339.541701,79,11.5
18-10-2020,11189,251,9.322686432,5.525452939,0,0,37.68,85.715,80.005,-14.91666667,4.421052632,25.71428571,-33,-16.23076923,2.235294118,68,11337,19,8502,1438,219.6949866,2732.004476,50,10.2
19-10-2020,11687,253,9.366232392,5.533389489,0.04354596,0.00793655,41.7,89.21,84.35,-20.91304348,-2.35,87.44444444,-36,-65.37037037,12.52173913,68,0,19,8502,1438,235.666262,2827.528447,70,11.5
20-10-2020,11854,254,9.380420642,5.537334267,0.01418825,0.003944778,48.145,108.035,106.645,-7.333333333,5.545454545,23.09090909,-29.81818182,-22.37037037,5.875,68,0,19,8502,1438,218.6328222,3466.441072,66,9.9
21-10-2020,12057,256,9.397400683,5.545177444,0.016980041,0.007843177,51.025,122.06,110.995,-6.458333333,7.227272727,49.72727273,-26.08333333,-17.33333333,5.25,68,0,19,8502,1438,180.5584712,2968.545778,67,9.3
22-10-2020,12331,256,9.419871696,5.545177444,0.022471013,0,50.115,121.475,113.805,-5.083333333,7.826086957,44.53846154,-30.45454545,-16.81481481,5.291666667,77,39170,24,8974,1510,218.1198416,2792.476717,72,7.4
23-10-2020,12554,256,9.437794619,5.545177444,0.017922923,0,52.94,139.965,126.78,-5.333333333,8.227272727,18.72727273,-20.23076923,-14.88888889,5.043478261,84,5446,24,9112,1530,195.9352363,2632.635809,55,5.6
24-10-2020,12554,256,9.437794619,5.545177444,0,0,52.425,146.69,118.34,-6.875,10.7,35.64285714,-26,-9.076923077,3.611111111,74,9016,24,9257,1527,199.5878871,2887.093741,73,5.2
25-10-2020,12554,256,9.437794619,5.545177444,0,0,43.7,104.96,93.74,-9.545454545,3.894736842,16.4,-29.22222222,-14.69230769,4.235294118,72,10855,26,9387,1513,193.5389882,3082.383102,40,0.9
26-10-2020,13371,259,9.500843462,5.556828062,0.063048843,0.011650617,49.74,118.63,105.535,-6.583333333,6.772727273,26.09090909,-29.16666667,-17.55555556,5.565217391,72,0,26,9387,1551,207.0005633,2913.005682,52,4.6
27-10-2020,13588,259,9.516942329,5.556828062,0.016098868,0,50.55,120.815,108.985,-0.416666667,10.45454545,51.44444444,-23.83333333,-16.25925926,4.916666667,72,0,26,9387,1551,221.632231,2466.176933,61,7.7
28-10-2020,13875,261,9.537843939,5.564520407,0.020901609,0.007692346,50.895,123.705,112.83,-1.541666667,11.77272727,40.81818182,-25.91666667,-15.37037037,5.041666667,67,27917,19,9753,1681,221.9111912,2632.438794,71,11.8
29-10-2020,14109,262,9.554568171,5.568344504,0.016724232,0.003824096,51.255,126.18,115.495,-3.333333333,9.347826087,42.15384615,-23.66666667,-15.77777778,5.083333333,69,5318,18,9871,1729,233.3987753,2360.968796,67,11.8
30-10-2020,14381,263,9.57366317,5.572154032,0.019094999,0.003809528,52.55,133.765,125.985,-11.83333333,1.954545455,-0.357142857,-28,-22.18518519,7.652173913,70,10482,21,9993,1776,200.525011,3401.126559,54,10
31-10-2020,14381,263,9.57366317,5.572154032,0,0,53.855,159.45,126.03,-2.583333333,13.65,30.6875,-27.63636364,-8.769230769,3.555555556,71,10398,24,10114,1920,193.7362312,2978.214899,65,5.6
01-11-2020,14381,263,9.57366317,5.572154032,0,0,43.175,103.53,95.45,-8,4.842105263,24.2,-23.66666667,-13.32,3.823529412,75,6582,24,10247,2009,191.6215513,3049.137313,52,6.4
02-11-2020,15501,269,9.648659817,5.59471138,0.074996647,0.022557347,48.1,111.92,102.795,-8.125,5,27.64285714,-28.58333333,-17.14814815,6.217391304,75,0,24,10247,2009,198.987252,2465.484736,49,7.8
03-11-2020,15800,272,9.667765219,5.605802066,0.019105402,0.011090687,46.89,108.23,104.92,-5.833333333,7.090909091,21.45454545,-27.25,-16.40740741,5.791666667,75,0,24,10247,2009,218.516595,3102.45851,74,10.1
04-11-2020,16135,273,9.688746104,5.609471795,0.020980885,0.003669729,47.215,113.055,104.95,-6.666666667,8.954545455,16.18181818,-30.5,-15.18518519,6,77,28125,26,10734,2325,217.2361757,2840.039293,58,13.5
05-11-2020,16560,273,9.714745428,5.609471795,0.025999323,0,49.71,117.085,109.45,-6.125,9.260869565,24,-28.33333333,-14.77777778,5.347826087,84,5157,27,10954,2322,211.4613651,2831.678739,58,10.1
06-11-2020,17149,275,9.749695142,5.616771098,0.034949714,0.007299302,53.16,138.695,123.14,-6.916666667,9.409090909,18.72727273,-23.84615385,-12.44444444,4.739130435,83,9572,25,11244,2316,199.2864963,3059.365357,57,6.7
07-11-2020,17149,275,9.749695142,5.616771098,0,0,52.155,143.59,110.98,-8.375,14.75,43.46666667,-20.7,-7.730769231,2.777777778,86,10123,24,11448,2344,185.3539967,2964.855189,69,6.4
08-11-2020,17149,275,9.749695142,5.616771098,0,0,43.5,107.745,90.845,-10.40909091,1.315789474,49.14285714,-23.88888889,-13.26923077,3,78,10420,25,11670,2390,199.855477,3044.861094,50,3
09-11-2020,18714,281,9.837027186,5.638354669,0.087332044,0.021583572,49.56,113.6,100.375,-8.541666667,5.454545455,26.25,-29.61538462,-15.88888889,5.52173913,78,0,25,11670,2390,210.2570643,2995.533377,68,1.4
10-11-2020,19239,284,9.864694748,5.648974238,0.027667562,0.010619569,44.275,102.49,97.02,-10.08333333,3.727272727,0.153846154,-32.07692308,-16.48148148,6.782608696,78,0,25,11670,2390,212.1591205,2973.285824,82,3.5
11-11-2020,19239,284,9.864694748,5.648974238,0,0,46,109.71,97.275,-11.70833333,1.954545455,5,-35.41666667,-15.03703704,7.166666667,90,24771,19,12207,2945,212.7881048,2955.509365,89,2.2
12-11-2020,20368,288,9.921720321,5.66296048,0.057025573,0.013986242,47.62,113.215,100.345,-9.75,3.652173913,15.23076923,-31.08333333,-14.51851852,6.608695652,92,4848,19,12430,3017,199.6794046,3033.358572,66,4.6
13-11-2020,20985,290,9.951563176,5.669880923,0.029842855,0.006920443,52.75,136.355,118.965,-9.041666667,5.590909091,25.63636364,-26,-13,5.434782609,92,8848,25,12659,3012,205.0893888,2692.438523,88,6.4
14-11-2020,20985,290,9.951563176,5.669880923,0,0,47.99,132.93,104.805,-9.791666667,6.7,22.52941176,-30.45454545,-9.307692308,5.111111111,97,12024,24,12806,3389,199.2089736,2465.890143,85,5.2
15-11-2020,20985,290,9.951563176,5.669880923,0,0,39.27,99.245,80.14,-8.956521739,4.157894737,40,-28.22222222,-14,4.294117647,104,10606,28,13035,3741,191.8880734,2470.673804,66,8.2
16-11-2020,22944,299,10.04081174,5.700443573,0.089248568,0.03056265,40.34,99.89,87.825,-11.41666667,1.772727273,4.785714286,-35.76923077,-17.51851852,7.217391304,104,0,28,13035,3741,263.7114781,2266.171669,62,6.9
17-11-2020,23661,310,10.0715834,5.736572297,0.030771659,0.036128724,42.845,106.64,93.77,-7.291666667,6.136363636,16.5,-27.53846154,-17.92592593,6.826086957,104,0,28,13035,3741,163.210732,3035.507702,66,9.7
18-11-2020,24422,320,10.10323964,5.768320996,0.031656242,0.031748698,40.1,92.29,75.81,-23.29166667,-3.285714286,35.27272727,-45.46153846,-60.81481481,17.65217391,133,28210,43,13425,4891,248.6093294,2440.338146,53,7.7
19-11-2020,24958,321,10.12494969,5.771441123,0.021710047,0.003120127,37.82,88.2,85.85,-12,3.217391304,-6.928571429,-35.53846154,-17.92592593,8.043478261,142,5823,46,13704,5133,178.340511,2444.683379,52,6.4
20-11-2020,25172,331,10.13348754,5.802118375,0.008537854,0.030677252,43.59,112.92,100.205,-13.91666667,3.272727273,1.416666667,-34.66666667,-16.96296296,8.304347826,142,0,46,13704,5133,184.9478314,2366.431892,70,8
21-11-2020,25474,331,10.1454136,5.802118375,0.011926059,0,39.935,107.565,87.795,-13.125,5.4,5.294117647,-38.09090909,-10.73076923,6.555555556,155,23133,44,14089,5793,166.0640249,2591.593794,58,5.5
22-11-2020,25474,331,10.1454136,5.802118375,0,0,35.46,85.645,71.96,-14.60869565,0.315789474,10.66666667,-39.33333333,-14.26923077,5.764705882,167,9480,50,14901,5794,253.2155902,2261.046858,70,4.5
23-11-2020,27407,348,10.21855373,5.85220248,0.073140131,0.050084104,41.92,92.635,86.74,-14.20833333,-0.363636364,-10.73333333,-41.07692308,-17.77777778,7.739130435,167,0,50,14901,5579,200.5258396,2871.092192,70,6.3
24-11-2020,28348,358,10.25231176,5.880532986,0.033758026,0.028330507,41.465,94.395,86.395,-13.56521739,0.636363636,4.583333333,-36.92307692,-17.77777778,7.608695652,167,0,50,14901,5579,210.3487251,2802.179653,60,6.8
25-11-2020,29086,371,10.27801224,5.916202063,0.025700478,0.035669076,40.725,95.715,89.215,-10.875,5.227272727,-1.5,-38.58333333,-17.62962963,7.666666667,181,32557,57,16087,6279,225.2618258,2544.358902,83,6.2
26-11-2020,29973,384,10.30805226,5.950642553,0.030040018,0.03444049,44.835,100.56,90.745,-10.75,5,4.384615385,-34.69230769,-15.77777778,7.434782609,198,6819,63,16469,6589,194.3907458,2334.542151,92,6.1
27-11-2020,30884,395,10.33799353,5.978885765,0.029941274,0.028243212,41.875,108.365,99.465,-12.95833333,6.272727273,2.857142857,-36.61538462,-15.7037037,7.956521739,209,11144,58,16914,6861,199.2159596,2480.935525,79,8.7
28-11-2020,30884,395,10.33799353,5.978885765,0,0,40.59,108.645,87.685,-16.45833333,6.35,13.88888889,-39.83333333,-11.76923077,6.888888889,217,13792,59,17206,6926,205.6324081,2693.935582,69,5.4
29-11-2020,30884,395,10.33799353,5.978885765,0,0,33.515,80.995,68.035,-19.04166667,-0.526315789,-3.5,-44.4,-16.96153846,6.941176471,227,11080,57,17477,7122,227.0958798,2512.657268,75,3.7
30-11-2020,33238,441,10.41144908,6.089044875,0.073455549,0.110159111,39.745,92.84,83.185,-15.29166667,2.5,5.866666667,-41,-18.14814815,8.260869565,227,0,57,17477,7122,197.1295391,2553.648021,82,7.5
01-12-2020,33894,457,10.43099329,6.124683391,0.019544208,0.035638515,38.845,91.36,85.85,-16,1.136363636,-0.071428571,-38.23076923,-19,8.782608696,227,0,57,17477,7122,244.0062565,2369.522346,100,3.9
02-12-2020,34728,469,10.45530156,6.150602768,0.02430827,0.025919378,38.96,95.955,86.73,-15.66666667,2.090909091,12.69230769,-39.25,-17.37037037,8.791666667,277,36065,58,19069,7360,214.4394285,3233.752309,95,3.1
03-12-2020,35422,481,10.47508838,6.17586727,0.019786818,0.025264502,38.295,93.75,88.61,-13.95833333,4.739130435,-1.357142857,-36.84615385,-17.03703704,8.434782609,284,11037,61,19605,7732,251.5744745,2757.781353,83,3.4
04-12-2020,36132,492,10.49493418,6.198478716,0.019845803,0.022611446,42.945,110.935,99.965,-15.375,2.818181818,1.357142857,-35.30769231,-16.66666667,8.47826087,294,11492,61,19814,7816,220.2908662,2173.909308,80,5.1
05-12-2020,36132,492,10.49493418,6.198478716,0,0,39.77,107.07,88.77,-16.75,6.55,22.88888889,-35.27272727,-10.84615385,6.722222222,294,13082,64,19998,9591,241.8331769,2704.373479,80,5.4
06-12-2020,36132,492,10.49493418,6.198478716,0,0,33.77,82.425,69.285,-19.40909091,0.789473684,3.125,-43.55555556,-17.69230769,6.705882353,301,14335,69,21304,9185,204.2460666,2836.609087,59,6.7
07-12-2020,38152,527,10.54933346,6.267200549,0.054399282,0.068721832,41.225,97.005,85.5,-14.13636364,5.227272727,9.4,-38.30769231,-18.03703704,8.217391304,301,0,69,21304,9185,213.1458138,2620.359693,84,9.3
08-12-2020,38718,543,10.56405989,6.29710932,0.014726427,0.029908771,42.505,101.85,88.76,-10.82608696,8.363636364,24.09090909,-35.23076923,-17.92592593,7.782608696,301,0,69,21304,9185,248.9377064,2978.223735,88,8.4
09-12-2020,39337,559,10.57992083,6.326149473,0.015860944,0.029040153,41.29,104.605,91.765,-15.08333333,4.409090909,18,-36.61538462,-17.18518519,8.541666667,316,36766,75,23111,8855,233.3780306,2932.632169,90,8.4
10-12-2020,40060,587,10.59813361,6.37502482,0.018212778,0.048875347,39.28,98.835,90.435,-15.625,4.086956522,3.857142857,-38,-16.55555556,8.739130435,336,8459,76,23774,8796,202.6484683,2718.848958,71,5.2
11-12-2020,40797,598,10.61636383,6.393590754,0.018230219,0.018565934,43.86,117.995,103.475,-15.375,5.909090909,17.75,-33.76923077,-15.59259259,8.086956522,337,12064,79,24424,8941,212.9312162,2362.634634,71,4
12-12-2020,40797,598,10.61636383,6.393590754,0,0,41.02,116.825,94.695,-17.91304348,8.4,17.05555556,-38.63636364,-12.5,6.888888889,325,12165,80,24928,9103,212.4297909,2669.549986,43,1.8
13-12-2020,40797,598,10.61636383,6.393590754,0,0,34.405,82.08,70.095,-19.90909091,1.631578947,3.875,-43.55555556,-17.69230769,6.352941176,338,14537,76,25658,9050,235.1668087,2661.558637,61,3.2
14-12-2020,42943,647,10.66762893,6.472346295,0.051265106,0.078755541,39.095,94.4,84.825,-17.13636364,3.181818182,-13.4,-42.53846154,-19.88888889,8.652173913,338,0,76,25658,9050,224.415225,2159.265666,65,6.3
15-12-2020,43463,668,10.67966528,6.504288174,0.012036347,0.031941879,37.78,94.765,88.555,-14.73913043,6.409090909,-2.857142857,-38.69230769,-17.18518519,8.565217391,338,0,76,25658,9050,219.5192728,2727.063902,69,7.5
16-12-2020,44103,692,10.69428309,6.539585956,0.014617806,0.035297782,39,101.275,89.445,-16.34782609,4.954545455,6,-39.91666667,-17.07407407,8.833333333,349,34373,77,27287,9380,245.2106485,2760.429915,90,8.1
17-12-2020,44776,713,10.70942756,6.56948142,0.015144474,0.029895465,38.685,101.08,91.505,-15.69565217,6.869565217,3.428571429,-37.38461538,-16.81481481,8.782608696,352,6943,74,27897,9315,233.5821745,2265.453055,90,7.3
18-12-2020,45400,724,10.72326738,6.584791392,0.013839823,0.015309972,40.095,111.565,104.57,-13.54166667,8.181818182,6.714285714,-35.92307692,-14.37037037,8.217391304,338,12958,76,28448,9329,256.7224281,2733.149535,87,7.5
19-12-2020,45400,724,10.72326738,6.584791392,0,0,39.61,113.865,98.47,-14.75,11.45,13.11111111,-39.18181818,-11.42307692,6.888888889,346,12614,75,28948,9524,276.9856546,3108.72628,65,6.4
20-12-2020,45400,724,10.72326738,6.584791392,0,0,31.275,77.8,71.755,-20.59090909,1.894736842,-18.06666667,-46.44444444,-18.88461538,7.294117647,342,10557,87,29598,9589,238.3180152,2614.757992,49,7.3
21-12-2020,47067,765,10.7593274,6.639875834,0.036060013,0.055084441,39.51,96.62,88.53,-12.08695652,10,7.071428571,-40.61538462,-17.96296296,8.086956522,342,0,87,29598,9589,302.9627593,2479.073552,65,4.3
22-12-2020,47510,777,10.76869549,6.65544035,0.009368097,0.015564517,38.155,100.87,93.75,-11.73913043,10.36363636,4.461538462,-35.61538462,-18.51851852,8.434782609,342,0,87,29598,9589,248.9375694,2254.161265,74,2.1
23-12-2020,48027,796,10.77951863,6.679599186,0.010823138,0.024158835,41.05,103.7,98.785,-9.913043478,12.86363636,-5.066666667,-38.23076923,-17.55555556,8.791666667,359,38159,87,31207,10039,236.5303858,2651.561768,97,2.1
24-12-2020,48609,808,10.79156398,6.694562059,0.012045346,0.014962873,41.63,108.65,101.105,-7.583333333,14.91666667,10.76923077,-33.30769231,-17.14814815,8.217391304,361,9003,93,31866,9860,255.0845418,2811.461254,81,0.1
25-12-2020,48609,808,10.79156398,6.694562059,0,0,41.085,114.285,110.07,-13.08333333,8.409090909,-11.78571429,-35.23076923,-16.37037037,8.826086957,362,14767,91,32376,9950,217.1178923,2515.508021,65,3.7
26-12-2020,48609,808,10.79156398,6.694562059,0,0,38.26,106.78,96.1,-13.875,13.33333333,-13,-36.33333333,-12.61538462,7.166666667,358,11605,93,32963,10009,251.3636265,2873.701409,85,6.5
27-12-2020,48609,808,10.79156398,6.694562059,0,0,36.595,95.295,81.5,-9.391304348,12.68421053,15.66666667,-35.77777778,-15.56,5.352941176,356,11639,92,33589,9978,268.92844,2486.10704,59,5.2
28-12-2020,48609,808,10.79156398,6.694562059,0,0,39.715,99.75,95.865,-9.818181818,13.54545455,-16.66666667,-43.46153846,-32.59259259,10.52173913,356,0,92,33589,9978,189.676959,2567.024667,58,5.3
29-12-2020,50815,882,10.83594687,6.782192056,0.044382888,0.087629997,43.205,122.83,111.39,4.458333333,32,15.7,-29.92307692,-33.48148148,9.086956522,356,0,92,33589,9978,270.5798602,2164.312476,78,4
30-12-2020,51300,893,10.84544603,6.794586581,0.009499166,0.012394525,41.79,120.96,114.14,8.739130435,51.5,14.15384615,-31.33333333,-34.11111111,9.666666667,341,29980,80,35455,9718,219.4826677,2852.982959,73,4.8
31-12-2020,51990,901,10.85880667,6.803505258,0.01336064,0.008918677,31.45,96.75,84.475,-8.826086957,49.30434783,15.14285714,-42.92307692,-50.74074074,13.95652174,357,7378,84,36094,9481,278.8005955,3153.023386,71,6.5
