date,totcases,totdeaths,logtot,logdet,logdiff,logddiff_det,transit,walking,driving,recreation,essentials,parks,station_transit,workplace,resedential,TotalHospitalized,DailyTested,TotalICU,TotalRecovered,TotalActive,ontario,ontario-us,Coronavirus,Mean Temp
01-03-2020,15,0,2.708050201,#NAME?,,,107.865,142.515,131.185,0.914893617,-2.391304348,3.892857143,1.266666667,-6.204081633,1.456521739,,0,,2,1,4054.17012,33819.05379,27,-1.6
02-03-2020,15,0,2.708050201,#NAME?,0,,91.61,146.33,122.39,10.91304348,6.977272727,45.75,18.36666667,7.25,-2.034482759,,0,,3,0,3856.415933,38626.46579,26,0
03-03-2020,20,0,2.995732274,#NAME?,0.287682072,,75.605,100.95,92.24,12.91304348,8.046511628,50.23809524,14.5862069,4.80952381,-1.52,,0,,3,0,4379.435088,39264.38858,32,3.1
04-03-2020,20,0,2.995732274,#NAME?,0,,92.685,111.58,99.875,2,3.282608696,14.38095238,2.566666667,2.714285714,-0.02173913,,0,,3,1,3904.173578,45487.06383,40,-1.2
05-03-2020,22,0,3.091042453,#NAME?,0.09531018,,93.115,108.41,104.385,1.47826087,6.804347826,1.291666667,1.7,3.163265306,-0.326086957,,0,,3,1,4710.837972,44285.06444,55,-5.6
06-03-2020,28,0,3.33220451,#NAME?,0.241162057,,87.8,94.725,95.905,-7.02173913,-0.826086957,-14.22222222,-3.833333333,-0.959183673,2.347826087,,0,,3,1,5528.941454,31665.08964,70,-4.5
07-03-2020,28,0,3.33220451,#NAME?,0,,89.735,92.63,93.455,-17.34782609,-13.51111111,-21.40740741,-9.533333333,-10.54,6.152173913,,0,,3,2,4276.751708,40405.40621,81,-6.8
08-03-2020,32,0,3.465735903,#NAME?,0.133531393,,100.095,119.225,124.055,-6.85106383,-3,-13.27586207,2.066666667,-4.081632653,2.977272727,,0,,3,3,4495.915661,37509.79041,79,-11
09-03-2020,35,0,3.555348061,#NAME?,0.089612159,,92.6,125.9,116.195,10.47826087,9.431818182,13.69230769,17.56666667,8.636363636,-1.533333333,,0,,3,5,4155.670259,39362.76445,100,-5
10-03-2020,37,0,3.610917913,#NAME?,0.055569851,,76.6,92.505,86.8,14.15217391,12.69767442,24.58333333,8.24137931,6.214285714,-1.153846154,,0,,3,8,4699.042589,40937.47423,93,1.6
11-03-2020,42,1,3.737669618,0,0.126751706,inf,94.71,104.36,101.035,4.282608696,5.47826087,-4.818181818,1.033333333,3.571428571,0.304347826,,0,,3,12,2235.544409,22810.99944,19,-0.1
12-03-2020,59,1,4.077537444,0,0.339867826,0,96.645,110.965,110.445,2.326086957,2.934782609,-8.434782609,1.366666667,4.081632653,0.108695652,,0,,3,12,1864.686507,35178.42899,24,-1.6
13-03-2020,79,1,4.369447852,0,0.291910409,0,99.895,120.17,109.37,4.260869565,4.434782609,0.923076923,3.533333333,4.06122449,-0.108695652,,0,,3,17,2109.053903,26927.46267,21,-8.7
14-03-2020,103,1,4.634728988,0,0.265281136,0,105.285,128.715,115.03,7.065217391,6.108695652,14.69565217,3.833333333,1.469387755,0.086956522,,0,,3,17,2316.478023,22108.94488,22,-14.9
15-03-2020,145,1,4.976733742,0,0.342004754,0,100.67,124.77,118.815,-1.638297872,-4.042553191,-7.206896552,0.233333333,4.387755102,0.934782609,,0,,4,18,2568.312949,27262.53502,25,-5.8
16-03-2020,177,1,5.176149733,0,0.19941599,0,92.825,140.775,113.735,15.39130435,9.136363636,41.41666667,15.26666667,9.511627907,-2.066666667,,0,,4,24,2366.003355,29947.68,26,0.1
17-03-2020,189,1,5.241747015,0,0.065597282,0,74.945,104.2,87.24,15.7173913,9.860465116,74.86363636,11.44827586,5,-1.230769231,,0,,4,24,2574.93788,24951.31299,24,-3.1
18-03-2020,214,1,5.365976015,0,0.124229,0,93.355,114.98,98.105,5.282608696,5.108695652,31.6,0.766666667,3.367346939,0.239130435,,0,,4,28,2139.261273,27755.65932,26,1.9
19-03-2020,258,2,5.552959585,0.693147181,0.18698357,0.693147181,90.98,103.965,100.925,2.282608696,4.152173913,-3,-1.133333333,3.204081633,0.717391304,,0,,5,30,2187.32546,26083.14752,31,-3.9
20-03-2020,318,2,5.762051383,0.693147181,0.209091798,0,87.105,102.415,97.98,5.891304348,7.673913043,1.62962963,0.466666667,3.387755102,0.304347826,,0,,5,32,2149.161506,26938.93686,35,-7.8
21-03-2020,377,3,5.932245187,1.098612289,0.170193805,0.405465108,79.93,97.685,94.905,10.65217391,31.8,7.086956522,-0.433333333,3.673469388,-0.02173913,,0,,5,36,2375.123828,27511.46845,52,-5
22-03-2020,425,6,6.052089169,1.791759469,0.119843981,0.693147181,74.935,95.97,95.735,0.85106383,36.45652174,-11.93548387,-8.1,-0.857142857,2.533333333,,0,,5,53,2562.483631,27517.25618,100,0.7
23-03-2020,503,6,6.22059017,1.791759469,0.168501001,0,58.7,88.475,79.795,-0.717391304,26.54545455,11.64,-2.266666667,3.568181818,1.931034483,,0,,5,73,2188.816568,24176.73887,96,4.5
24-03-2020,588,8,6.376726948,2.079441542,0.156136778,0.287682072,46.105,64.99,59.08,-3.181818182,16.20930233,43.95652174,-13.75862069,-3.30952381,2.68,,0,,5,97,2057.471491,28643.14316,82,4.3
25-03-2020,688,13,6.533788838,2.564949357,0.15706189,0.485507816,43.855,62.79,64.295,-5.477272727,31.15217391,14.76190476,-22.4,-23.18367347,7.644444444,,8465,,5,139,2186.762823,28243.14775,80,2.4
26-03-2020,858,15,6.754604099,2.708050201,0.220815262,0.143100844,34.185,51.87,56.6,-24.81818182,17.76086957,2.772727273,-27.03333333,-29.78,11,,1713,,5,171,2453.991474,31301.06919,88,-0.8
27-03-2020,993,18,6.900730664,2.890371758,0.146126565,0.182321557,30.265,51.145,53.88,-31.46666667,4.869565217,5.25,-31.03333333,-34.82352941,13.2,,993,,5,183,2290.540003,27434.53318,79,-4.9
28-03-2020,1144,18,7.042286172,2.890371758,0.141555508,0,27.765,49.985,51.995,-32.02173913,7.369565217,16.19047619,-36,-37.34,14.62222222,,2726,,5,208,2239.24346,35431.17676,76,-7.2
29-03-2020,1355,19,7.211556733,2.944438979,0.169270561,0.054067221,25.905,47.47,52.555,-39.72340426,-5.065217391,-15.76666667,-43.23333333,-40.08,18.23809524,,2753,,5,251,2314.631388,31035.5638,73,-8.9
30-03-2020,1706,33,7.441906728,3.496507561,0.230349995,0.552068582,23.41,42.625,43.54,-40.60869565,-6.909090909,21.83333333,-33.6,-27.65217391,11.16666667,,2861,,5,311,2611.955273,26796.85758,70,-8.9
31-03-2020,1966,33,7.583756301,3.496507561,0.141849573,0,20.36,42.02,34.905,-43.90697674,-16.81395349,18.73913043,-46,-32.43181818,10.2,,3873,,6,368,2164.432779,25965.68483,70,-3.1
01-04-2020,2392,37,7.779885115,3.610917913,0.196128814,0.114410351,20.905,35.985,40.5,-40.77272727,-7,-35.95652174,-49.16129032,-45.32,18,,3036,,8,411,2019.589594,30064.03008,70,5.6
02-04-2020,2793,53,7.934871566,3.970291914,0.154986451,0.359374001,20.005,41.95,41.78,-43.66666667,-10.06521739,-2.476190476,-47.32258065,-47.84,18.45238095,,2086,,8,489,1937.030257,28717.9328,65,8.3
03-04-2020,3255,67,8.087947555,4.204692619,0.153075989,0.234400706,18.975,40.55,38.665,-50.30434783,-20.2173913,12.75,-50.16666667,-51.7254902,20.5,,3951,,8,572,2188.274725,31397.33426,59,6.6
04-04-2020,3630,94,8.196987927,4.543294782,0.109040373,0.338602163,18.41,39.1,38.28,-50.47826087,-18.15555556,-9.227272727,-55.43333333,-52.37254902,21.63414634,,3178,,8,667,2456.809858,26980.50142,62,8.3
05-04-2020,4038,119,8.303504799,4.779123493,0.106516872,0.235828711,18.745,46.94,43.825,-49.08510638,-18.17391304,12.51851852,-57.06666667,-51.46,22.1025641,,2915,,8,835,2124.444984,28240.64059,62,6.1
06-04-2020,4347,132,8.377241231,4.882801923,0.073736432,0.103678429,16.745,36.575,34.61,-53.60869565,-23.43181818,-12.53571429,-52.83333333,-39.60869565,14.52380952,,2482,,8,967,2588.81488,28531.75027,60,7
07-04-2020,4726,153,8.460834458,5.030437921,0.083593227,0.147635999,15.745,29.405,28.17,-54.3255814,-30.62790698,-23.68965517,-61.36666667,-41.36956522,12.78947368,,2040,,8,1117,2605.968547,26616.09117,58,9.1
08-04-2020,5276,174,8.570923514,5.159055299,0.110089056,0.128617378,17.89,38.67,37.915,-51.18181818,-22.66666667,-28.2173913,-59.16666667,-54.05882353,20.97435897,,6114,,8,1324,2172.431567,29437.80819,58,9.7
09-04-2020,5759,200,8.658519128,5.298317367,0.087595614,0.139262067,18.355,40.78,40.735,-44.8,-12.67391304,-18.12,-55,-53.66666667,20.24390244,,0,,431,1241,1969.922369,24198.54678,49,5.1
10-04-2020,6237,222,8.738254577,5.402677382,0.079735449,0.104360015,17.635,44.82,40.97,-45.68888889,-17.7173913,11.64,-54.36666667,-53.7254902,20.52380952,,2443,,534,1374,2048.5412,22936.66912,49,3.9
11-04-2020,6648,253,8.802071337,5.533389489,0.06381676,0.130712107,17.1,44.96,40.595,-45.89130435,-16.28888889,9.708333333,-57.16666667,-53.64705882,21.25,,6245,,689,2091,282.3140419,7833.361915,80,3.7
12-04-2020,7049,274,8.860641042,5.613128106,0.058569705,0.079738618,16.92,40.36,43.215,-49.31914894,-20.19565217,-22.58064516,-60.3,-53.19607843,23.5,,4859,,831,2372,271.6644269,10192.75719,75,8.8
13-04-2020,7470,291,8.918650278,5.673323267,0.058009236,0.060195161,15.525,44.14,36.65,-50.04347826,-23.06818182,-10,-53.16666667,-39.54347826,14.28571429,,4020,,1023,2560,284.1675324,8436.848553,78,8.4
14-04-2020,7953,334,8.981304495,5.811140993,0.062654217,0.137817726,15.225,35.395,29.525,-56.6,-29.69767442,-5.444444444,-60.73333333,-42.2826087,12.78947368,,4585,,1219,2669,225.6352369,10133.06693,100,1.9
15-04-2020,8447,385,9.041566628,5.953243334,0.060262133,0.142102341,16.335,47.12,39.445,-50.02272727,-20.15217391,-2.1,-58.93333333,-53.94117647,20.41025641,,3708,,1449,2851,298.4146274,8457.584373,99,-0.2
16-04-2020,8961,423,9.100637107,6.047372179,0.059070479,0.094128845,15.905,42.94,39.84,-49.95555556,-15.47826087,-16.76923077,-56.83333333,-54.29411765,21.075,,3750,,1624,3061,342.0759012,8696.299254,82,0.1
17-04-2020,9525,478,9.1616752,6.169610732,0.061038093,0.122238553,15.77,41.945,41.57,-46.91304348,-9.282608696,-9.307692308,-54.5,-55.03921569,20.92682927,,2568,,1802,3404,289.6838833,9589.567062,96,2
18-04-2020,10010,514,9.211339872,6.242223265,0.049664672,0.072612533,15.11,38.19,45.405,-35.76086957,15.39130435,-27.10714286,-54.86666667,-55.35294118,20.775,,3237,,2074,3557,292.5851687,10300.68449,86,4.2
19-04-2020,10578,553,9.266531652,6.315358002,0.055191779,0.073134736,13.12,33.59,34.305,-80.76595745,-73.25,-29.64516129,-74.26666667,-81.90384615,34,632,4097,478,2305,3254,323.9117435,8480.046454,76,6.1
20-04-2020,11184,584,9.322239464,6.369900983,0.055707813,0.054542981,14.45,40.135,40.255,-44.5,-0.681818182,-10.61538462,-51.86666667,-40.69565217,14.14285714,673,5573,477,2574,3441,348.9684712,7316.317018,82,1.7
21-04-2020,11735,622,9.370331108,6.432940093,0.048091644,0.06303911,12.42,34.59,28.04,-79.77272727,-74.06976744,-14.92857143,-65.86206897,-51.19565217,14.23529412,691,2050,472,2858,3537,292.1536735,7894.050369,62,2.9
22-04-2020,12245,659,9.412872969,6.490723535,0.042541861,0.057783442,15.515,31.14,36.36,-53.75,-23.17777778,-42.96153846,-64.4516129,-62.58823529,24.11111111,738,6844,457,3121,3654,272.2961254,9951.222827,55,1.8
23-04-2020,12879,713,9.463353357,6.56948142,0.050480388,0.078757886,15.985,41.135,43.135,-46.82222222,-11.91304348,-24,-56.38709677,-53.90196078,21.05,760,5065,466,3357,3822,254.1664589,10104.39522,73,2.2
24-04-2020,13519,763,9.511851382,6.637258031,0.048498025,0.067776611,16.085,38.29,44.155,-47.2826087,-15.47826087,-29.40740741,-55.6,-54.23529412,22,769,4852,255,3568,4051,334.0986499,9783.193038,76,7.1
25-04-2020,13995,811,9.546455402,6.698268054,0.03460402,0.061010023,15.395,37.81,44.745,-48.93478261,-15.08888889,-27.5,-57.35483871,-53.76470588,22.43589744,795,5947,254,3902,4160,289.9053961,9049.716226,73,6.6
26-04-2020,14432,835,9.577203242,6.727431725,0.03074784,0.029163671,16.13,44.7,50,-51.53191489,-22.59574468,-24.8,-59.86666667,-53.08,24.02631579,807,9064,248,4194,4344,262.5352279,8287.455098,68,8.6
27-04-2020,14856,892,9.606159103,6.793466133,0.028955861,0.066034408,15.81,47.37,44.175,-50.2173913,-21.25,-1.884615385,-49.33333333,-36.60869565,13.95238095,829,8899,245,4556,4491,305.7501,6766.742878,66,8.9
28-04-2020,15381,951,9.64088826,6.857514063,0.034729157,0.06404793,13.95,33.26,33.875,-55.22727273,-30.69767442,-26.09677419,-61.13333333,-39.97826087,13,828,9462,250,4875,4621,289.2888945,7927.203926,71,10.3
29-04-2020,15728,996,9.663197842,6.903747258,0.022309582,0.046233195,18.315,47.19,47.32,-45.95454545,-17.02222222,-1.631578947,-55.8,-51.90196078,19.48780488,809,9643,247,5209,4816,230.2168924,8932.761309,71,11.1
30-04-2020,16187,1082,9.69196373,6.986566459,0.028765888,0.082819202,15.74,36.07,45.12,-49.68888889,-19.97826087,-36.7037037,-56.74193548,-52.92156863,21.56410256,802,8743,247,5515,5085,259.8152294,8480.406035,64,11.8
01-05-2020,16608,1121,9.717639786,7.021976423,0.025676056,0.035409964,16.705,40.715,48.13,-46.2,-15.48888889,-17.61538462,-53.63333333,-52.58823529,21.07142857,859,9330,250,5806,5307,304.8977021,9308.897676,42,11.4
02-05-2020,17119,1176,9.747944237,7.069874128,0.030304451,0.047897705,16.865,43.74,49.675,-46.04347826,-14.41304348,-16.08,-54.76666667,-52.15686275,21.475,878,10361,243,6221,5365,309.3642136,10144.10749,37,10.6
03-05-2020,17553,1216,9.772980154,7.103322063,0.025035918,0.033447934,16.86,45.705,54.585,-48.38297872,-20.39130435,-10,-57.06666667,-51.34,22.51282051,887,10214,233,6680,5486,274.6720526,8534.511436,54,13.8
04-05-2020,17923,1300,9.793840083,7.170119543,0.020859929,0.066797481,16.58,55.945,49.375,-45.95652174,-19.52272727,26.95454545,-43.5,-35.69565217,12.36363636,910,12295,243,7087,5669,290.6982022,8448.61495,57,6.6
05-05-2020,18310,1361,9.815202638,7.215975003,0.021362554,0.045855459,15.65,37.04,37.495,-50.65116279,-25.44186047,-21.32,-56.8,-38.8,12.36842105,925,10578,245,7509,5675,296.5336117,8463.409512,63,5.4
06-05-2020,18722,1429,9.837454582,7.264730178,0.022251944,0.048755175,18.53,53.225,50.155,-42.43181818,-14.55555556,20.57894737,-51.93333333,-50.7,18.28571429,938,12020,252,8000,5597,303.2133454,10030.03584,61,7.7
07-05-2020,19121,1477,9.858542486,7.297768283,0.021087905,0.033038105,19.495,52.93,51.975,-40.5,-11.15217391,4.727272727,-49.66666667,-51.19607843,18.88095238,945,12550,241,8525,5439,278.234187,9371.914536,39,7.4
08-05-2020,19598,1540,9.883182799,7.339537695,0.024640313,0.041769413,18.13,46.795,52.22,-42.82222222,-13.54347826,-25.73076923,-52.56666667,-51.96078431,20.26190476,957,10852,239,8964,5466,269.4202641,8118.316232,32,0.9
09-05-2020,19944,1599,9.900683625,7.377133713,0.017500826,0.037596017,18.8,44.3,52.685,-40.60869565,-7.130434783,-23.625,-51.63333333,-51.35294118,20.78571429,977,11554,235,9612,5120,314.2297465,8190.209185,29,1.1
10-05-2020,20238,1634,9.915317304,7.398786275,0.014633679,0.021652563,19.895,60.01,62.43,-40.70212766,-11.52173913,17.03846154,-51.03333333,-49.26,20.51282051,999,12928,233,10205,4900,259.6795694,10153.73909,26,3.4
11-05-2020,20546,1669,9.930421554,7.419979924,0.015104249,0.021193648,19.685,55.98,52.955,-42.54347826,-14.84090909,9.227272727,-41.03333333,-34.41304348,12.13636364,1017,16532,225,10825,4662,204.2769172,11052.61691,88,3.1
12-05-2020,20907,1725,9.94783931,7.452982329,0.017417756,0.033002406,20.76,64.295,48.565,-38.18181818,-15.1627907,58.57142857,-46.13333333,-32.47727273,9.35,977,16305,221,11390,4553,204.2431599,7824.742763,95,2.4
13-05-2020,21236,1765,9.963453134,7.475905969,0.015613824,0.02292364,21.42,54.99,56.785,-38.97727273,-9.347826087,0.210526316,-51.16666667,-49.23529412,18.09756098,1010,17146,232,12005,4332,217.573209,8864.629343,100,4.9
14-05-2020,21494,1798,9.975529105,7.494430215,0.012075972,0.018524246,22.305,58.03,59.73,-37.97727273,-6.434782609,7.15,-47.86666667,-48.68,17.8372093,984,14555,225,12505,4118,219.3479221,10588.09451,91,9.6
15-05-2020,21922,1825,9.995245978,7.509335266,0.019716872,0.014905051,22.395,59.33,61.47,-36.26666667,-6.413043478,20.89473684,-46.33333333,-48.54,17.90697674,1043,10654,223,12779,4170,189.1096752,10613.21551,84,13.4
16-05-2020,22313,1858,10.01292475,7.527255919,0.017678769,0.017920653,20.7,54.19,60.775,-37.65217391,-4.869565217,4.045454545,-49.93333333,-48.34,19.02325581,1032,12961,219,13222,4071,217.2342677,10931.17235,78,12.2
17-05-2020,22653,1881,10.02804757,7.539558829,0.015122825,0.01230291,20.375,54.38,65.765,-41.40425532,-10.87234043,-12.03448276,-53.36666667,-47.5,21.225,1033,15179,220,13569,4075,195.0717245,9976.439846,73,11.8
18-05-2020,22957,1904,10.04137818,7.551712215,0.013330607,0.012153386,18.975,43.78,57.21,-35.93478261,-2.090909091,-16.57692308,-43,-30.39130435,12.52173913,1028,16295,213,13990,4068,197.7323988,9736.344417,70,13.2
19-05-2020,23384,1919,10.05980731,7.559559496,0.018429127,0.007847281,18.64,47.775,50.05,-29.20930233,-5.023255814,0.045454545,-47,-28.04545455,8.826086957,1016,19227,203,14383,3962,184.5911667,10902.44783,77,14.8
20-05-2020,23774,1962,10.07634783,7.58171964,0.016540519,0.022160144,18.975,43.78,57.21,-38.61363636,-13.2826087,-10.18181818,-50.46666667,-46.52,18.07142857,961,17618,195,14772,3832,211.3870853,9418.561609,82,14.4
21-05-2020,24187,1993,10.09357058,7.59739632,0.017222752,0.01567668,18.64,47.775,50.05,-34.29545455,-7.282608696,7.666666667,-45.56666667,-45.68,17.41860465,1027,13970,194,15131,3746,171.941542,9212.239612,78,14.1
22-05-2020,24628,2021,10.11163929,7.611347717,0.018068708,0.013951397,22.84,65.59,68.095,-30,-4.456521739,37.73684211,-41.16666667,-45.44,16.68181818,1025,11957,192,15391,3791,216.0944144,9573.772597,82,16.8
23-05-2020,25040,2048,10.12822983,7.624618986,0.016590539,0.013271269,21.42,59.13,66.19,-31.54545455,-3.173913043,-3.045454545,-47.2,-46.18,18.34883721,1018,15137,189,15845,3626,208.1236774,11447.35789,79,18.8
24-05-2020,25500,2073,10.14643373,7.636752112,0.018203906,0.012133126,22.005,60.02,73.08,-32.63829787,-6.695652174,4.782608696,-48.23333333,-46.76,19.975,1026,17429,184,16204,3492,210.4454259,9996.574671,64,20.6
25-05-2020,25904,2102,10.16215268,7.650644551,0.015718945,0.013892439,22.385,72.715,69.345,-27.86363636,-4.136363636,91.61111111,-27.8,-27.08695652,8.08,986,18354,179,16641,3456,200.4128717,10552.36076,65,24.4
26-05-2020,26191,2123,10.17317112,7.660585462,0.011018443,0.00994091,20.165,62.265,55.75,-25.02325581,-2.325581395,25.35294118,-44.53333333,-28.43181818,8.380952381,975,17768,180,17020,3435,238.0785735,10670.17672,72,23.7
27-05-2020,26483,2155,10.1842583,7.675546003,0.011087177,0.014960541,21.47,56.64,54.26,-56.81818182,-48.02325581,-9.6,-61.35483871,-77.73076923,26.46153846,934,16217,171,17360,3412,171.6080048,10075.08888,77,23.8
28-05-2020,26866,2189,10.19861683,7.691200098,0.014358529,0.015654095,25.15,72.27,76.335,-21.56818182,8.260869565,24,-40.23333333,-42.74,14.86363636,972,9155,174,17638,3415,208.0525457,11146.82456,72,20.5
29-05-2020,27210,2230,10.21133983,7.709756864,0.012723006,0.018556767,26.335,82.49,82.29,-16.86363636,9.369565217,70,-34.56666667,-42.78,14.40909091,987,5813,167,17898,3567,183.4033519,9790.630746,64,18.4
30-05-2020,27533,2247,10.22314056,7.717351272,0.011800732,0.007594408,25.48,83.22,82.98,-17.86363636,7.434782609,76.52941176,-36.7,-42.48,14.54545455,991,7382,160,18190,3622,202.4034283,8906.032623,59,13.4
31-05-2020,27859,2266,10.23491135,7.725771442,0.011770789,0.008420169,27.445,89.26,92.82,-23.29787234,-1.630434783,53.61111111,-39.86666667,-40.28,15.3255814,984,10506,155,18509,3745,184.2760096,8879.812291,62,11.5
01-06-2020,28263,2276,10.24930881,7.730174795,0.014397455,0.004403354,25.4,85.665,81.105,-20.02272727,2.113636364,110.0555556,-22.46666667,-18.46666667,7.115384615,961,11276,153,18767,3840,204.9390166,9428.712535,61,15.8
02-06-2020,28709,2293,10.26496594,7.737616283,0.015657134,0.007441488,23.85,74.48,67.03,-18.3255814,-2.720930233,89.88235294,-32.96666667,-20.68181818,5.913043478,912,11028,147,19146,3846,194.8039435,9826.769496,64,20.1
03-06-2020,29047,2312,10.27667049,7.74586823,0.011704545,0.008251947,27.58,78.55,81.515,-17.88636364,2.717391304,62,-37.13333333,-42.65306122,13.52272727,878,11383,148,19477,3950,212.515808,10656.87503,67,20.4
04-06-2020,29403,2357,10.28885199,7.765144903,0.012181502,0.019276673,28.34,81.555,84.425,-19.72727273,2.217391304,54.76470588,-36.36666667,-39.78,13.71111111,859,8170,148,19698,4104,221.8680064,11088.46826,59,22.8
05-06-2020,29747,2372,10.30048357,7.77148876,0.011631577,0.006343857,28.615,79.845,87.085,-17.86363636,5.456521739,61.41176471,-33.46666667,-39.9,14.02272727,848,9875,143,19958,4110,199.9125766,11617.06454,57,22.7
06-06-2020,30202,2407,10.31566343,7.786136438,0.015179861,0.014647678,26.74,70.015,83.915,-22,1.586956522,17.73684211,-37.73333333,-39.32,15.27272727,847,15133,150,20372,3956,215.9544597,7803.419541,56,20
07-06-2020,30617,2426,10.32931069,7.79399909,0.013647263,0.007862652,27.265,77.645,91.975,-23.5106383,-2.086956522,22.43478261,-37.46666667,-38.38,15.90697674,833,17615,137,20673,4004,194.7941871,9688.457044,55,16
08-06-2020,30860,2450,10.33721613,7.803843304,0.007905437,0.009844214,27.31,80.375,85.435,-20.09090909,0.909090909,70.95,-18.26666667,-10.22222222,7.37037037,826,18525,129,20983,3997,165.0592831,10513.98717,46,16.4
09-06-2020,31090,2464,10.3446415,7.809541325,0.007425377,0.005698021,26.275,73.395,73.225,-16.27906977,-1.186046512,82.88235294,-27.4,-11.09090909,5.541666667,801,20640,121,21353,3933,195.3921038,9908.009221,56,23.6
10-06-2020,31341,2475,10.35268242,7.813995675,0.00804092,0.00445435,31.2,86.895,86.855,-16.31818182,2.673913043,74.64705882,-33.3,-37.51020408,12.37777778,781,17014,118,21810,3783,206.398559,10345.11154,53,24.5
11-06-2020,31544,2487,10.35913868,7.818832444,0.006456252,0.004836769,28.82,75.7,85.055,-20.31818182,0.956521739,52.44444444,-34.1,-37.4,13.51111111,781,14379,118,22153,3834,329.5835002,11467.22108,98,19.9
12-06-2020,31726,2498,10.36489181,7.823245691,0.005753137,0.004413247,29.68,83.175,87.635,-20.31818182,2.391304348,57.57894737,-32.3,-37.34,13.68888889,801,15244,125,22484,3932,297.4289789,13088.3696,91,13.6
13-06-2020,31992,2507,10.37324115,7.826842098,0.008349338,0.003596407,31.995,93.355,96.86,-17.56818182,6.108695652,89.53333333,-32.73333333,-36.44,12.71111111,791,17537,127,22811,3924,266.8658507,14373.55829,76,13.4
14-06-2020,32189,2519,10.37938006,7.831617276,0.006138908,0.004775178,32.3,100.74,104.015,-20.72340426,-1.347826087,61.35294118,-38.3,-36.42857143,13.5,776,20822,121,23208,3838,309.1236998,14009.15381,89,12.9
15-06-2020,32370,2527,10.38498735,7.834788107,0.005607289,0.003170831,29.545,85.34,90.855,-15.75,3.909090909,135.8823529,-19.16666667,-9.422222222,5.592592593,749,22730,118,23583,3792,318.1466085,13058.92759,78,15
16-06-2020,32554,2538,10.39065553,7.839131648,0.005668181,0.004343541,29.36,83.055,78.965,-10.65116279,1.23255814,133.6111111,-29.03333333,-10.06976744,4.083333333,673,23105,117,23947,3848,271.6118094,11788.93657,75,17.1
17-06-2020,32744,2550,10.39647502,7.843848638,0.00581949,0.00471699,32.465,89.985,92.9,-15.04545455,3.5,91.625,-33.36666667,-35.28846154,11.68888889,635,19374,117,24252,3939,248.3042139,10348.86203,86,20.1
18-06-2020,32917,2553,10.40174452,7.845024417,0.005269502,0.001175779,33.24,86.76,96.12,-17.25,2.608695652,79.1875,-33.16666667,-34.57692308,11.88888889,603,15357,118,24492,3918,276.2197767,12785.10487,87,22.3
19-06-2020,33095,2564,10.40713749,7.849323818,0.005392972,0.004299401,32.675,83.99,95.49,-16.63636364,4.739130435,40.1,-34.5,-35.96153846,13.53333333,600,13509,116,24829,3797,295.0403166,13496.59011,89,23.7
20-06-2020,33301,2595,10.41334271,7.861341796,0.006205213,0.012017978,32.935,91.25,102.275,-14.34090909,6.869565217,83.64705882,-32.56666667,-34.05769231,12.68888889,580,19941,118,25380,3486,341.6180857,14745.65482,74,24.8
21-06-2020,33476,2606,10.41858404,7.865571758,0.005241338,0.004229962,34.85,98.285,113.62,-15.44680851,0.760869565,72.58823529,-33.86666667,-33.01923077,12.42222222,538,24521,120,25885,3172,246.285864,15563.15525,76,25
22-06-2020,33637,2609,10.42338193,7.866722285,0.004797887,0.001150527,33.13,93.67,99.67,-9.909090909,6.159090909,139.9411765,-13.66666667,-2.25,4.571428571,527,28155,114,26187,3041,364.1286271,14199.32958,86,25
23-06-2020,33853,2619,10.4297829,7.870547845,0.00640097,0.003825559,30.835,84.325,84.655,-5.139534884,3.674418605,151.2941176,-24.13793103,-3.425531915,2.958333333,489,27456,110,26538,2947,291.0093634,14068.16827,78,21.5
24-06-2020,34016,2631,10.43458628,7.875119281,0.00480338,0.004571437,37.285,95.38,100.72,-9,7.260869565,101.3125,-29.76666667,-33.38461538,10.46666667,438,23278,103,26961,2709,295.6497693,12976.64639,94,19.4
25-06-2020,34205,2641,10.44012711,7.878912912,0.00554083,0.003793631,36.005,99.37,105.475,-9.181818182,8.195652174,109.375,-27.9,-32.51923077,10.41304348,419,21751,104,27213,2630,257.4691993,12632.73097,87,18.9
26-06-2020,34316,2644,10.443367,7.880048201,0.003239885,0.001135289,36.575,100.84,108.735,-8.931818182,9.173913043,109.75,-26.83333333,-33.19230769,10.56521739,413,21724,98,27431,2585,306.5880927,13328.34215,90,22.5
27-06-2020,34476,2652,10.44801871,7.883069351,0.004651712,0.00302115,36.88,100.885,110.895,-9.409090909,12.86956522,111.1333333,-27.9,-32.94230769,10.53333333,383,24205,92,27784,2410,254.7206874,13608.21233,92,24.3
28-06-2020,34654,2658,10.45316844,7.885329239,0.005149729,0.002259888,38.515,104.69,122.265,-9.510638298,8.630434783,92.9375,-28.2,-32.82692308,10.22222222,351,25278,84,28004,2360,348.3053012,14496.93385,85,23.3
29-06-2020,34911,2665,10.46055724,7.887959337,0.007388807,0.002630097,35.485,96.14,107.3,-5,16.22727273,160.0666667,-7.666666667,-0.893617021,2.344827586,331,27225,82,28250,2281,259.4267032,13810.44619,76,25.5
30-06-2020,35068,2672,10.46504431,7.890582535,0.004487068,0.002623198,31.805,72.98,82.605,-2.372093023,10.23255814,133.7058824,-22.76666667,0.70212766,1,333,27387,80,28468,2238,272.5962267,12639.12076,100,23.4
01-07-2020,35068,2672,10.46504431,7.890582535,0,0,39.03,90.41,102.37,-10.59090909,5.695652174,74.25,-27.13333333,-35.88461538,10.42222222,286,23408,86,28719,2151,344.2051634,14287.58009,91,24.4
02-07-2020,35370,2680,10.47361928,7.893572074,0.008574969,0.002989539,37.485,89.295,105.66,-13.79545455,5,45.76470588,-29.23333333,-34.63461538,11.95555556,265,21900,76,28933,2095,286.4712952,15601.21781,87,28.3
03-07-2020,35535,2682,10.47827341,7.894318064,0.004654123,0.00074599,39.14,102.375,114.945,-9.136363636,9.847826087,84.625,-24.96666667,-32.61538462,11.02173913,288,16189,75,29107,2127,262.8410535,13366.80589,76,27.4
04-07-2020,35656,2687,10.48167271,7.896180609,0.003399309,0.001862545,40.1,102.625,116.38,-7.772727273,12.23913043,111.6666667,-24.96666667,-31.92307692,10.02173913,278,23207,73,29336,2049,260.5044008,15778.49141,80,26.1
05-07-2020,35794,2689,10.48553556,7.896924656,0.003862846,0.000744048,41.04,112.765,127.215,-9.319148936,7.5,114,-23.53333333,-31.21153846,9.666666667,270,27511,69,29528,2036,266.5220581,13181.32761,84,26.3
06-07-2020,35948,2689,10.48982873,7.896924656,0.004293168,0,36.025,91.965,103.97,-7.977272727,9.909090909,130.9411765,-6.633333333,-2.893617021,3.928571429,256,30780,61,29754,1918,297.2307752,12866.48418,89,26
07-07-2020,36060,2691,10.4929395,7.897668151,0.003110768,0.000743494,35.925,86.98,92.575,-0.069767442,9.093023256,187.0625,-15.10344828,-0.042553191,1.04,252,33492,54,29932,1892,270.4796115,11442.81057,95,27.8
08-07-2020,36178,2700,10.49620648,7.901007052,0.003266982,0.003338901,42.885,102.515,112.07,-0.409090909,15.71111111,125.0625,-25,-34.78846154,8.955555556,214,28633,51,30107,1889,279.0277303,13187.83046,92,28.4
09-07-2020,36348,2703,10.50089446,7.902117546,0.004687983,0.001110494,42.175,111.15,125.725,14.81818182,42.97727273,126.8,-19.26666667,-32.90384615,6.847826087,232,27127,46,30196,2050,316.6059539,13741.56377,88,28.4
10-07-2020,36464,2710,10.50408075,7.904703914,0.003186291,0.002586368,41.3,102.15,98,-32.57777778,-23.66666667,278.6666667,-30.56666667,-62.98076923,14.78947368,213,23759,42,30344,2052,354.9272449,14927.49153,89,26.5
11-07-2020,36594,2716,10.50763957,7.906915489,0.00355882,0.002211575,42.485,96.985,116.785,3.909090909,25.45454545,116.8666667,-25.13333333,-37.48076923,9.477272727,213,0,42,30344,2052,445.8584824,14923.1082,100,24.3
12-07-2020,36723,2719,10.51115854,7.908019445,0.003518969,0.001103956,43.89,112.565,134.4,-3.326086957,17,130.375,-26.86666667,-40.90384615,11.11627907,119,50378,40,30730,1960,438.0776764,14184.98825,85,23.1
13-07-2020,36839,2722,10.51431235,7.909122183,0.003153805,0.001102739,38.23,103.77,114.585,-2.477272727,12.61363636,186.2,-6.9,-3.520833333,2.034482759,155,24194,40,30909,1944,458.7625671,11067.11067,90,21.7
14-07-2020,36950,2723,10.51732093,7.909489493,0.003008581,0.000367309,37.12,86.86,98.305,3.209302326,9.23255814,171.7647059,-15.48275862,-4.063829787,0.458333333,150,21425,39,31083,1886,462.5165334,14207.35447,93,22.1
15-07-2020,37052,2732,10.52007761,7.912789221,0.002756684,0.003299728,45.055,102.13,120.07,-2.75,14.22222222,118.125,-26.7,-35,9.133333333,139,23792,39,31266,1839,458.0992623,13694.90362,99,23.3
16-07-2020,37163,2737,10.52306892,7.914617709,0.002991311,0.001828488,43.965,103.73,117.715,-4.363636364,13.26666667,105.625,-27.2,-33.98076923,9.239130435,118,17303,36,31426,1833,516.4098356,13666.52681,93,23.7
17-07-2020,37274,2746,10.52605131,7.917900586,0.00298239,0.003282877,43.935,101.34,119.435,-3.886363636,14.7173913,100.2666667,-26.46666667,-32.96153846,9.456521739,131,15112,34,31603,1766,433.305214,15371.68123,83,25.8
18-07-2020,37440,2748,10.53049493,7.918628653,0.004443619,0.000728067,42.98,101.77,121.8,-3.840909091,16.23913043,101.9333333,-27.9,-32.90384615,9.666666667,123,22832,35,31805,1673,523.7376251,13683.76076,81,26.7
19-07-2020,37604,2751,10.53486571,7.919719761,0.004370776,0.001091108,43.04,109.245,130.355,-8.255319149,7.826086957,73.52941176,-29.63333333,-32.65384615,10.6,123,26326,31,31977,1668,530.1009651,16608.92696,77,26.6
20-07-2020,37739,2752,10.53844932,7.920083199,0.003583615,0.000363438,36.35,92.31,104.86,-7.477272727,10.43181818,85.23529412,-12.03333333,-3.765957447,4.407407407,117,27484,34,32155,1599,452.9871238,13163.33647,74,23.7
21-07-2020,37942,2753,10.54381396,7.920446505,0.005364635,0.000363306,36.05,89.39,95.86,2.162790698,8.627906977,171.7647059,-17.73333333,-2.617021277,1.24,128,29522,31,32422,1456,440.6057538,15645.21137,71,20.8
22-07-2020,38107,2755,10.54815327,7.921172722,0.004339314,0.000726216,42.42,101.12,113.55,-2.818181818,11.30434783,110.25,-26.66666667,-33.82692308,9,116,25726,29,32534,1470,480.8872126,16050.61868,82,23.5
23-07-2020,38210,2755,10.55085254,7.921172722,0.002699269,0,43.845,107.245,120.015,-3.363636364,11.58695652,131.4,-26.66666667,-33.07692308,8.673913043,104,20896,28,32663,1454,407.9572901,11941.41222,89,23
24-07-2020,38405,2758,10.55594294,7.922261058,0.005090398,0.001088337,43.76,112.3,123.845,-2.636363636,11.73333333,129.4,-25.7,-32.65384615,8.847826087,137,16744,30,32785,1442,392.10293,13467.77748,84,22.6
25-07-2020,38543,2759,10.55952978,7.922623574,0.003586842,0.000362516,40.645,96.88,116.18,-5.090909091,15.15217391,49.5625,-27.63333333,-32.59615385,10.53333333,115,23769,31,32920,1400,460.2057065,14970.9864,71,23.9
26-07-2020,38680,2763,10.56307795,7.924072325,0.003548169,0.001448751,45.24,120.29,135.695,-3.595744681,9.391304348,136.0625,-24.46666667,-31.42307692,8.466666667,107,26492,26,33061,1365,446.3197743,12758.64656,66,26.6
27-07-2020,38799,2764,10.56614975,7.924434185,0.003071803,0.00036186,43.265,115.285,120.385,1.613636364,13.25,194.375,-1.333333333,-0.479166667,1.482758621,108,31163,30,33162,1366,518.2105777,13469.38191,67,27.3
28-07-2020,38910,2768,10.56900657,7.925880317,0.002856814,0.001446132,34.375,76.7,89.575,-2.511627907,6.418604651,97.47058824,-17.48275862,-6.14893617,2.166666667,105,28849,33,33294,1398,438.3194929,17207.43363,83,24.3
29-07-2020,38986,2769,10.57095789,7.926241523,0.00195132,0.000361206,43.535,106.075,118.94,1.837209302,14.64444444,140.3125,-23.16666667,-32.25,8.133333333,101,26890,34,33407,1446,380.8151299,16401.39176,72,25.1
30-07-2020,39075,2772,10.57323816,7.92732436,0.002280269,0.001082837,42.585,111.075,120.415,-1.090909091,11.02222222,132.9333333,-25.13333333,-30.82692308,8.260869565,115,20913,37,33513,1474,559.9899319,15328.15003,80,22.5
31-07-2020,39209,2775,10.57666159,7.928406026,0.003423436,0.001081666,40.51,97.65,115.635,-3.545454545,11,65.4375,-25.96666667,-32.21153846,10.22222222,120,22974,33,33605,1584,473.1618492,14533.5915,66,23.5
01-08-2020,39333,2777,10.57981914,7.929126487,0.003157549,0.000720461,43.665,111.585,124.005,-0.636363636,15.76086957,129.9333333,-24.2,-30.61538462,8.413043478,128,23990,37,33812,1540,461.4499481,12471.82553,67,24.4
02-08-2020,39449,2778,10.58276398,7.929486523,0.002944837,0.000360036,44.855,121.29,137.835,-3.021276596,9.195652174,139.625,-24.26666667,-30.59615385,8.222222222,154,26001,35,33963,1492,413.5531353,16769.52768,64,24
03-08-2020,39449,2778,10.58276398,7.929486523,0,0,41.895,116.59,121.745,1.818181818,12.20454545,210.8,0.7,0.595744681,0.75862069,141,29809,31,34100,1547,438.3965832,15566.15199,68,21
04-08-2020,39628,2782,10.58729122,7.930925372,0.004527241,0.001438849,37.87,87.45,99.34,6.674418605,9.627906977,185.2941176,-12.96551724,-2.382978723,0.2,97,28904,30,34240,1544,463.6536257,14399.75176,66,21.2
05-08-2020,39714,2782,10.58945905,7.930925372,0.002167831,0,43.985,97.23,114.35,-1.886363636,11.62222222,94,-24.63333333,-35.01923077,9.288888889,87,26144,29,34359,1558,416.5991107,14194.93093,74,19.1
06-08-2020,39809,2783,10.5918483,7.931284762,0.002389247,0.000359389,46.025,111.455,123.96,-0.068181818,13.44444444,135.9333333,-24,-32.38461538,8.413043478,82,24664,30,34461,1574,518.465053,13920.01223,65,18.6
07-08-2020,39897,2783,10.59405641,7.931284762,0.002208116,0,44.28,106.16,122.49,3.888888889,13.86666667,119.1333333,-23.03333333,-33.26923077,8.717391304,96,17334,31,34567,1575,434.1020262,13432.15535,62,20.1
08-08-2020,39967,2784,10.59580939,7.931644021,0.001752981,0.00035926,45.37,110.68,129.53,7.733333333,18.28888889,135.4,-19.23333333,-32.92307692,8,91,27308,28,34741,1476,366.2372214,15247.84643,62,21.5
09-08-2020,40046,2784,10.59778407,7.931644021,0.00197468,0,45.7,119.38,136.225,6.565217391,18.23913043,152.875,-13.7,-33.40384615,7.022222222,84,27676,27,34906,1397,517.0435218,15712.39766,69,25.5
10-08-2020,40161,2786,10.60065165,7.932362154,0.002867582,0.000718133,43.96,118.94,120.765,10.02173913,15.95454545,210.2666667,11.53333333,-3.489361702,0,78,30033,29,35074,1360,409.6290666,14064.29101,60,27
11-08-2020,40194,2786,10.60147301,7.932362154,0.000821355,0,33.545,73.21,85.565,5.704545455,12.3255814,69.05882353,-16.9,-12.08510638,2.333333333,73,33282,27,35237,1319,708.0954368,16875.7904,98,22.3
12-08-2020,40289,2787,10.60383376,7.932721027,0.002360748,0.000358873,40.395,90.085,97.275,-10.54545455,-10.44444444,159.9333333,-23.86666667,-67.90384615,15.55882353,72,30443,26,35359,1312,586.3537456,11972.86827,96,22.5
13-08-2020,40367,2787,10.6057679,7.932721027,0.001934141,0,45.195,95.15,118.105,3.2,14.86666667,56.5,-21.93333333,-34.75,9.6,72,0,26,35359,1312,715.7539121,14675.06104,88,24
14-08-2020,40459,2788,10.60804439,7.933079772,0.002276496,0.000358744,49.1,118.34,130.71,8.733333333,16.93333333,143.2,-20.36666667,-32.86538462,8.152173913,78,42190,28,35601,1245,685.4228848,14601.88305,100,24.7
15-08-2020,40565,2789,10.6106609,7.933438388,0.00261651,0.000358616,48.09,121.77,134.585,7.6,14.84444444,155,-19.43333333,-32.01923077,7.391304348,66,17229,30,35747,1185,597.0988359,14886.97022,82,22.5
16-08-2020,40646,2789,10.61265571,7.933438388,0.001994804,0,49.475,132.365,145.36,0.531914894,6.47826087,145.3125,-21.33333333,-31.55769231,7.466666667,71,26181,29,35906,1120,615.0910428,12699.4764,76,22.2
17-08-2020,40745,2789,10.61508841,7.933438388,0.002432703,0,45.645,133.325,128.95,8.543478261,10.52272727,224.9333333,4.166666667,0.808510638,0.103448276,66,25136,28,36024,1090,652.4255244,14521.22812,86,21.2
18-08-2020,40870,2793,10.61815158,7.934871566,0.003063165,0.001433178,40.23,91.4,103.23,9.772727273,8.093023256,177.9375,-10.93333333,-2.893617021,-0.12,53,26008,27,36131,1052,612.7931004,14882.70351,85,19.6
19-08-2020,40972,2792,10.62064419,7.934513464,0.002492609,-0.000358102,48.485,107.505,121.82,5.066666667,10.13333333,124.7333333,-22.3,-32.94230769,7.777777778,55,27771,26,36279,983,697.1521043,16336.3976,78,17.5
20-08-2020,41048,2793,10.62249739,7.934871566,0.001853207,0.000358102,47.41,107.8,124.34,2.866666667,10.17777778,114.8666667,-25.53333333,-31.69230769,8.152173913,49,22275,25,36381,994,653.0373633,15479.07107,85,19.3
21-08-2020,41179,2796,10.6256837,7.935945103,0.003186304,0.001073537,50.66,121.415,133.24,5.333333333,10.2,148,-23.86666667,-31,7.434782609,60,21581,21,36456,952,695.6350817,13425.41533,83,24
22-08-2020,41287,2797,10.62830296,7.936302693,0.002619263,0.00035759,48.505,123.52,134.635,6.111111111,14.65217391,146.5333333,-23.23333333,-30.57692308,7.413043478,49,24572,20,36590,912,640.4344814,12744.60329,78,25
23-08-2020,41402,2797,10.63108447,7.936302693,0.002781508,0,51.115,135.24,146.49,1.042553191,8.673913043,140.375,-20.86666667,-30.78846154,7.177777778,43,29626,20,36689,891,618.4676654,15924.19978,80,25.1
24-08-2020,41507,2798,10.63361737,7.936660155,0.002532899,0.000357462,47.69,135.955,133.67,8.739130435,11.20454545,214.2,3.166666667,0.404255319,-0.206896552,41,30137,17,36772,899,682.143109,13908.41579,81,26.6
25-08-2020,41607,2800,10.6360237,7.937374696,0.002406335,0.000714541,40.875,90.87,102.4,5.431818182,6.441860465,111.8823529,-13.31034483,-5.29787234,0.458333333,39,30436,17,36873,903,697.4946317,15380.78603,70,22.5
26-08-2020,41695,2802,10.6381365,7.938088727,0.002112795,0.000714031,49.24,110.51,121.445,-13.36842105,-3.714285714,53.16666667,-46.46666667,-37.36842105,7.891304348,37,23813,18,36953,904,569.6568736,15249.05301,68,17.7
27-08-2020,41813,2803,10.64096257,7.938445551,0.002826078,0.000356824,51.05,121.365,127.16,-11.78947368,0.785714286,96,-45.53333333,-34.44736842,7.47826087,32,25567,16,37036,920,705.4992345,14145.88408,75,24.1
28-08-2020,41935,2809,10.64387608,7.940583827,0.002913504,0.002138276,52.015,123.67,130.78,-11,0.071428571,103.25,-44.26666667,-34.65789474,7.434782609,41,23067,15,37126,951,617.6648345,13695.82773,71,20.4
29-08-2020,42083,2809,10.64739914,7.940583827,0.003523058,0,49.84,119.87,134.665,-8.578947368,3.785714286,98.5,-44.78571429,-34.86486486,6.97826087,42,25642,15,37215,965,666.784576,13896.45536,75,21.6
30-08-2020,42195,2810,10.65005701,7.940939762,0.002657872,0.000355935,51.37,132.18,144.2,-15.54545455,-3.4,79.5,-41.13333333,-34.63888889,7.311111111,35,25917,15,37291,964,683.6148502,13237.31284,61,18.8
31-08-2020,42309,2811,10.65275511,7.941295571,0.002698099,0.000355809,48.435,135.595,131.565,-14.71428571,-3.2,119.4,-30.08333333,-4.785714286,-0.103448276,35,28073,13,37397,986,716.1319103,13499.6783,59,19.9
01-09-2020,42421,2812,10.6553988,7.941651253,0.002643693,0.000355682,42.635,97.44,106.53,-13.27777778,-5.785714286,113,-34,-5.571428571,-0.8,40,28656,13,37487,1003,672.6810579,15384.80942,65,23.4
02-09-2020,42554,2812,10.65852914,7.941651253,0.003130335,0,52.38,114.74,123.67,-11.36842105,-2.071428571,89,-45.2,-36.2972973,7.434782609,41,23384,11,37595,1010,570.3428547,13631.8302,70,23.1
03-09-2020,42686,2812,10.66162628,7.941651253,0.00309714,0,52.685,122.225,128.925,-10.68421053,1.785714286,100.25,-43.93333333,-34.39473684,7.195652174,40,18790,12,37673,1036,653.9112296,14894.99679,60,21.8
04-09-2020,42834,2811,10.66508746,7.941295571,0.003461182,-0.000355682,52.99,122.025,129.585,-11.63157895,-1.214285714,51,-44.26666667,-33.60526316,7.934782609,39,20013,13,37748,1059,678.8443969,15058.58771,57,17.7
05-09-2020,43003,2811,10.66902516,7.941295571,0.003937701,0,50.945,116.12,129.01,-11.15789474,2.785714286,61.8,-43,-33.91891892,8.065217391,43,21960,15,37863,1030,598.9928101,14381.95535,62,16.3
06-09-2020,43161,2813,10.67269259,7.942006808,0.003667429,0.000711238,53.385,134.605,143.85,-15.72727273,-3.133333333,68,-40.4,-33.58333333,7.733333333,48,28625,18,37940,1070,642.9003765,16091.2469,52,15.7
07-09-2020,43161,2813,10.67269259,7.942006808,0,0,44.57,117.37,120.455,-13.33333333,0.4,68.5,-28.45454545,-6.214285714,1.5,61,31823,18,38023,1103,705.9986344,16353.64186,57,20.4
08-09-2020,43536,2813,10.68134346,7.942006808,0.008650872,0,46.265,111.475,110.82,-9.444444444,-2.214285714,158,-29.55555556,-4.571428571,-1.16,51,32106,17,38126,1148,606.8279648,12580.04912,57,15.5
09-09-2020,43685,2813,10.68476007,7.942006808,0.003416612,0,56.485,124.97,126.045,-7,1.928571429,105.25,-40.6,-35.18918919,6.260869565,51,24970,20,38126,1259,644.9856587,14577.12685,70,16.1
10-09-2020,43855,2814,10.68864402,7.942362238,0.003883944,0.000355429,57.765,125.39,130.75,-9,2.642857143,87.25,-40.93333333,-33.89473684,6.782608696,49,25098,18,38277,1221,754.9038442,15268.74133,73,16.4
11-09-2020,44068,2813,10.69348917,7.942006808,0.004845158,-0.000355429,56.56,123.85,128.075,-9.894736842,0.5,54.4,-43.26666667,-34.44736842,7.760869565,65,23545,17,38369,1240,690.5697572,14788.59957,64,14.6
12-09-2020,44300,2814,10.69873996,7.942362238,0.005250782,0.000355429,62.715,139.135,140.765,-7.578947368,3.285714286,98.75,-40.2,-34.02702703,6.326086957,60,24004,13,38506,1236,601.45919,17471.69978,64,15.9
13-09-2020,44504,2815,10.70333435,7.942717541,0.004594396,0.000355303,61.735,150.105,153.565,-9.590909091,2,73.66666667,-37.26666667,-35.33333333,6.355555556,60,26298,12,38625,1249,640.427014,15570.34119,65,20
14-09-2020,44817,2816,10.71034281,7.943072717,0.007008459,0.000355177,54.725,145.355,130.905,-11.33333333,0.733333333,92.2,-30.4,-9.571428571,-0.034482759,66,54536,13,38741,1282,666.4299582,18902.94115,69,12.1
15-09-2020,45068,2820,10.71592774,7.944492164,0.005584929,0.001419447,51.46,133.425,113.755,-1.833333333,3.857142857,171,-30.77777778,-8.642857143,-1.666666667,58,26084,14,38847,1345,642.6038788,15041.54565,61,12.4
16-09-2020,45383,2822,10.72289286,7.945201132,0.006965125,0.000708968,48.07,95.715,90.665,-42.35,-44.66666667,58.2,-56.9375,-75.87804878,17.25806452,52,23296,15,38958,1390,533.1894677,16733.89243,67,19.8
17-09-2020,45676,2825,10.72932827,7.946263644,0.00643541,0.001062511,63.675,123.68,124.64,-7.473684211,11.35714286,24,-43.2,-35.18421053,7.282608696,52,0,15,38958,1390,492.2599805,13378.46092,73,13.4
18-09-2020,46077,2825,10.73806919,7.946263644,0.008740914,0,59.72,117.85,122.265,-11.26315789,2.285714286,31.33333333,-44.33333333,-33.23684211,7.304347826,54,26956,17,39196,1527,645.0005266,16236.66014,73,10.6
19-09-2020,46484,2826,10.74686345,7.946617563,0.008794257,0.00035392,60.625,119.395,125.665,-10.26315789,3.357142857,43.5,-42.53333333,-33.32432432,6.608695652,55,17605,15,39332,1540,676.9287857,13289.12281,72,8.8
20-09-2020,46849,2827,10.75468494,7.946971358,0.007821496,0.000353794,66.14,141.6,144.32,-1.021276596,1.239130435,96,-27.43333333,-25.65384615,5.304347826,54,24669,14,39474,1567,603.8306731,16139.86264,70,13
21-09-2020,47274,2829,10.76371574,7.947678571,0.009030798,0.000707214,59.13,143.44,131.285,6.043478261,7.454545455,154.2352941,-6.5,1.957446809,0.413793103,49,32501,18,39598,1657,574.1635927,15676.41946,65,11.8
22-09-2020,47752,2832,10.77377623,7.948738455,0.010060489,0.001059884,48.985,90.245,95.855,3.533333333,6.023255814,92.52941176,-19.53333333,-2.212765957,1.44,43,35618,12,39717,1769,705.9756344,12384.39727,60,14.1
23-09-2020,48087,2835,10.78076715,7.949797216,0.006990919,0.001058761,59.1,111.8,116.74,1.195652174,4.282608696,88.125,-29.7,-24.55769231,5.934782609,39,31143,14,39841,1848,651.5746311,15958.83065,64,19.9
24-09-2020,48496,2836,10.7892366,7.950149888,0.00846945,0.000352671,56.915,113.165,118.73,1.152173913,4.760869565,83.1875,-30.26666667,-23.5,6.456521739,47,29540,17,39974,2027,634.383871,13955.92581,92,18.5
25-09-2020,48905,2837,10.79763492,7.950502435,0.00839832,0.000352547,59.895,117.955,121.23,-1.5,1.065217391,96.6875,-30.03333333,-24.92307692,6.434782609,47,27664,19,40091,2157,595.0828408,15896.12961,80,19.3
26-09-2020,49340,2837,10.80649039,7.950502435,0.00885547,0,59.205,117.7,123.335,-0.913043478,4.456521739,85.53333333,-30.23333333,-24.25,6.391304348,44,28761,20,40245,2316,622.1431508,16424.42863,86,19
27-09-2020,49831,2839,10.81639256,7.951207156,0.009902169,0.000704722,60.42,128.46,139.55,-0.70212766,1.413043478,68.4375,-27.83333333,-23,6.065217391,53,35134,21,40424,2427,674.4519474,14873.00747,82,23.4
28-09-2020,50531,2840,10.83034229,7.951559331,0.013949729,0.000352175,54.11,124.925,123.6,5.717391304,8,134.6666667,-13.73333333,1.957446809,1.344827586,58,35826,20,40600,2652,667.4173496,13931.18208,75,20.7
29-09-2020,51085,2844,10.84124619,7.952966791,0.010903903,0.00140746,46.94,98.85,97.985,9.760869565,8.139534884,136.2352941,-19.93333333,0.404255319,0.8,64,38940,20,40777,2881,733.8109038,15390.48809,77,15.9
30-09-2020,51710,2848,10.85340647,7.954372273,0.012160274,0.001405482,53.82,106.395,108.81,-3.02173913,2.956521739,79.75,-31.33333333,-25.76923077,6.804347826,63,40127,23,40968,3054,559.5151824,15868.70194,78,14.6
01-10-2020,52248,2851,10.86375689,7.955425089,0.010350426,0.001052816,52.21,108.305,111.625,-4.326086957,4.434782609,76.3125,-32.8,-24.28846154,7.02173913,65,64242,22,41146,3299,650.7168667,17087.96655,89,13.1
02-10-2020,52980,2927,10.87766976,7.981733287,0.013912871,0.026308198,52.94,111.69,113.365,-5.891304348,4.847826087,82.3125,-31.76666667,-23.03846154,7.382978723,82,1712,24,41342,3578,574.032717,15678.68028,80,10.5
03-10-2020,53633,2968,10.88991983,7.995643604,0.012250066,0.013910318,50.9,105.475,113.38,-4.652173913,6.086956522,66,-33.53333333,-22.65384615,7.340425532,88,35436,24,41600,3652,726.4506561,15654.12911,94,8.2
04-10-2020,54199,2975,10.90041774,7.997999318,0.010497908,0.002355714,56.43,124.865,131.985,-5.85106383,1.760869565,81,-33.13333333,-21.96153846,6.787234043,88,30634,27,41886,3774,597.1719734,13612.68929,79,8.6
05-10-2020,54814,2980,10.91170091,7.999678579,0.011283178,0.001679262,53.005,128.065,121.64,4.695652174,10.40909091,158.8333333,-17.6,3.893617021,0.921052632,87,41865,25,42169,3899,720.0383633,14891.11241,86,11.2
06-10-2020,55362,2987,10.92164872,8.002024818,0.009947802,0.002346239,44.465,94.755,94.525,7.644444444,8.372093023,136.2352941,-24.96666667,1.021276596,0.542857143,100,43238,28,42507,3996,625.0860332,14817.53152,74,13.7
07-10-2020,55945,2988,10.93212434,8.002359546,0.010475627,0.000334728,49.1,98.13,102.525,-6.2,4.130434783,58.125,-35.8,-23,7.617021277,112,42509,28,42796,4196,764.6319207,15096.25839,72,13.9
08-10-2020,56742,2992,10.94626996,8.003697339,0.014145612,0.001337793,48.59,95.255,103.125,-5.695652174,5.804347826,48.35294118,-35.56666667,-22.26923077,7.617021277,128,41111,29,43127,4564,624.1852038,12823.02906,100,10.9
09-10-2020,57681,2997,10.96268311,8.005367067,0.016413153,0.001669728,47.185,92.615,104.665,-4.733333333,7.239130435,16.85714286,-34.73333333,-23.86538462,8.106382979,137,38375,30,43450,4791,616.9796901,12561.17279,99,10.6
10-10-2020,58490,3004,10.97661108,8.007700013,0.01392797,0.002332946,48.52,98.065,110.095,-3.466666667,9.260869565,45.82352941,-35.33333333,-21.01923077,7.361702128,150,35753,35,43907,4955,519.9448188,15427.75929,80,15
11-10-2020,59139,3005,10.98764588,8.008032847,0.011034806,0.000332834,49.865,103.875,119.19,-7.936170213,0.934782609,36.0952381,-35.16666667,-21.05769231,8.14893617,162,39646,36,44422,4975,446.8583136,16253.46152,71,8.6
12-10-2020,59139,3005,10.98764588,8.008032847,0,0,46.945,109.87,114.705,2.733333333,7.386363636,101.9444444,-19.26666667,0.042553191,2.394736842,167,40093,38,44850,5203,488.317232,13871.26865,100,12
13-10-2020,60692,3017,11.01356717,8.012018239,0.025921288,0.003985392,39.205,75.195,83.315,-2.555555556,6.395348837,6.277777778,-31.96666667,-5,3.228571429,155,46254,41,45285,5380,501.5945373,15280.65579,74,14.1
14-10-2020,61413,3017,11.02537682,8.012018239,0.011809645,0,46.065,89.71,97.88,-5.711111111,5.282608696,58.22222222,-34.5,-23.46153846,7.170212766,169,39661,41,45819,5405,453.8825601,17608.32924,89,11.9
15-10-2020,62196,3022,11.03804597,8.013674143,0.01266915,0.001655904,46.84,89.485,100.96,-5.956521739,6.195652174,55.58823529,-35.06666667,-22.71153846,7.170212766,176,38196,44,46360,5474,542.9875216,13690.99491,79,12.1
16-10-2020,62908,3031,11.04942862,8.016647877,0.011382653,0.002973734,44.75,86.975,99.89,-8.755555556,6.586956522,27.35,-36.5,-22.71153846,8.574468085,192,42031,41,46906,5469,428.5422013,15734.85752,77,7.4
17-10-2020,63713,3041,11.0621439,8.019941688,0.012715282,0.003293811,46.825,91.73,109.2,-3.711111111,13.19565217,46.4375,-32.4,-21.03846154,7.468085106,195,43277,43,47613,5344,416.2409869,14911.71636,73,8.1
18-10-2020,64371,3046,11.0724185,8.021584533,0.010274598,0.001642846,47.755,105.955,122.34,-4.212765957,12.13043478,68.77777778,-28.8,-22.05769231,7.489361702,206,48488,47,48308,5442,475.1881531,16028.65082,62,10.3
19-10-2020,65075,3050,11.08329573,8.02289687,0.01087723,0.001312336,39.38,89.885,98.285,-0.666666667,17.25,119.7222222,-15.23333333,-1.617021277,2.552631579,225,44914,47,49032,5652,429.1022507,13656.48759,84,7
20-10-2020,65896,3053,11.09583302,8.023879993,0.012537291,0.000983123,32.06,72.34,75.69,-2.755555556,10.30232558,113.0588235,-32.93333333,-5.808510638,1.428571429,213,44298,48,49732,5754,490.4678505,14497.16132,71,8.8
21-10-2020,66686,3062,11.10775031,8.026823576,0.011917294,0.002943583,30.38,62.045,66.46,-46.81818182,-48.34090909,118.5333333,-44.86666667,-73.69230769,18.34042553,217,44138,51,50437,5697,494.5598694,14837.6788,71,12.2
22-10-2020,67527,3071,11.1202828,8.02975852,0.012532482,0.002934944,43.55,88.85,98.48,-7.326086957,9.043478261,60.88235294,-33.56666667,-22.98076923,7.893617021,217,0,51,50437,5697,448.0881827,15227.46783,66,10.4
23-10-2020,68353,3080,11.13244073,8.032684876,0.012157936,0.002926356,44.255,95.93,103.39,-8.260869565,4.47826087,59.42105263,-33.86666667,-21.65384615,8.446808511,203,67706,53,51729,5946,406.5860177,16573.80236,63,16.5
24-10-2020,69331,3086,11.14664742,8.034631033,0.014206683,0.001946157,42.365,84.24,101.315,-9.543478261,3.304347826,-2.714285714,-37.63333333,-21.40384615,9.893617021,231,32206,64,52512,5884,493.962732,17884.38225,70,5.5
25-10-2020,70373,3093,11.16156495,8.036896773,0.01491753,0.00226574,45.875,101.765,115.25,-9.574468085,-0.152173913,41.47619048,-37.16666667,-19.05769231,9.021276596,253,39961,62,53291,5883,437.929853,16652.86028,71,4.1
26-10-2020,71224,3099,11.17358512,8.038834758,0.012020173,0.001937985,42.595,104.235,108.565,0.044444444,5.818181818,112.4736842,-21.7,2.191489362,3.263157895,261,38507,67,54004,5873,428.1811597,17578.11943,67,5.3
27-10-2020,72051,3103,11.18512948,8.040124664,0.011544361,0.001289907,34.16,75.425,78.7,-7.659090909,0.697674419,40.31578947,-34.96666667,-5.212765957,4.4,278,44722,72,54686,5986,429.1653811,15422.17669,56,4.4
28-10-2020,72885,3108,11.19663814,8.041734711,0.011508655,0.001610047,38.98,79.065,90.18,-12.45652174,-2.434782609,2.35,-39.43333333,-22.76923077,9.361702128,247,40850,71,55371,5954,426.399746,13461.8,62,7.1
29-10-2020,73819,3118,11.20937143,8.04494705,0.012733295,0.003212338,42.02,86.765,95.94,-6.913043478,4.152173913,38.47368421,-35.2,-20.86538462,8.127659574,252,31864,69,55978,6047,536.7402979,16126.69184,60,6.5
30-10-2020,74715,3127,11.22143615,8.047829357,0.012064724,0.002882308,39.605,81.23,93.455,-10.41304348,0.173913043,19.25,-37.26666667,-21.5,9.595744681,274,24049,72,56606,6237,485.6685241,15192.14355,64,-1
31-10-2020,75730,3136,11.23492966,8.050703381,0.013493508,0.002874024,40.58,87.91,98.895,-8.47826087,3.760869565,18.75,-36,-20.34615385,9.14893617,260,32646,71,57325,6299,496.3684526,15466.35377,55,0.7
01-11-2020,76707,3145,11.24774825,8.053569169,0.012818586,0.002865788,47.82,114.415,120.71,-10.55319149,-4.913043478,68.5,-35.43333333,-19.09615385,8.744680851,270,38860,74,58066,6390,500.1646755,13057.31618,60,5.6
02-11-2020,77655,3152,11.26003122,8.055792451,0.01228297,0.002223282,41.235,94.97,102.96,-2.533333333,6.295454545,63.8,-22.43333333,0.914893617,3.684210526,276,40019,78,58799,6474,524.9211806,13839.28914,57,2.6
03-11-2020,78705,3166,11.27346196,8.06022424,0.013430747,0.004431789,34.465,70.49,79.45,-4.022222222,3.302325581,51.75,-33.23333333,-3.638297872,3.857142857,294,44151,82,59424,6821,408.9449542,12469.11477,68,5.5
04-11-2020,79692,3182,11.28592448,8.065265209,0.012462519,0.005040968,40.17,78.79,91.37,-11.97777778,-1.108695652,6.736842105,-37.66666667,-22.86538462,9.170212766,278,38769,54,60160,7120,502.5234899,13500.57979,74,10.7
05-11-2020,80690,3195,11.29836993,8.069342367,0.012445448,0.004077158,41.46,83.585,97.82,-11.30434783,0.52173913,0,-36.73333333,-21.61538462,8.808510638,295,28652,78,60839,7286,495.6587219,16352.96564,64,15.3
06-11-2020,81693,3209,11.3107236,8.073714641,0.012353667,0.004372274,41.845,88.24,101.055,-7.173913043,4.434782609,32.8,-34.93333333,-20.88461538,8.255319149,312,23945,75,61530,7418,519.6042284,17103.22763,60,15
07-11-2020,82825,3220,11.32448523,8.077136639,0.013761629,0.003421997,41.895,85.625,102.79,-6.282608696,5.217391304,8.142857143,-36.9,-20.13461538,8.446808511,312,30010,71,62303,7474,507.3290547,13472.22073,67,15.2
08-11-2020,84153,3233,11.34039185,8.081165778,0.015906622,0.004029139,44.65,95.3,116.44,-6.70212766,3.565217391,11.57692308,-36.03333333,-18.80769231,8.531914894,322,35621,77,63123,7578,470.6424463,14518.28133,58,13.2
09-11-2020,85395,3245,11.35504283,8.084870629,0.01465098,0.003704851,40.035,96.49,100.59,-3.02173913,10.79545455,46.0952381,-20,1.127659574,3.263157895,314,41008,75,63919,7669,436.8393297,16366.99835,59,13.2
10-11-2020,86783,3260,11.37116603,8.089482474,0.016123199,0.004611845,33.21,61.37,69.925,-13.06818182,-0.953488372,-15.65384615,-39.4,-8.595744681,5.057142857,320,41920,73,64717,7877,456.6513849,14790.32353,56,16.1
11-11-2020,88209,3275,11.38746428,8.094073148,0.016298249,0.004590674,40.37,77.445,88.545,-13.48888889,-4.043478261,-6.05,-40,-23.69230769,9.255319149,650,37133,72,65581,7981,591.6616067,12872.50466,89,11.9
12-11-2020,89784,3293,11.40516206,8.099554282,0.017697787,0.005481134,41.94,81.49,90.61,-12.5,-1.152173913,5.227272727,-38.23333333,-22.17307692,8.914893617,328,27908,75,66407,8096,611.0055699,12306.23575,70,6.8
13-11-2020,91180,3312,11.42059085,8.105307516,0.015428789,0.005753233,42.73,88.735,93.28,-11.45652174,-2.326086957,40.72222222,-36.63333333,-21.61538462,8.723404255,357,25279,73,67244,8295,474.532861,13457.3707,76,6.2
14-11-2020,92761,3332,11.43778157,8.111328003,0.017190718,0.006020488,42.885,92.085,97.07,-9.466666667,0.630434783,35.8,-37.1,-20.19230769,8.574468085,367,28567,75,68189,8321,651.210176,14187.29413,61,3.9
15-11-2020,94009,3361,11.4511458,8.119993828,0.01336423,0.008665824,47.895,105.925,112.02,-11.72340426,-5.195652174,46.76190476,-37.8,-19.69230769,9.021276596,381,35754,86,69137,8358,533.7115172,14000.66015,52,8.2
16-11-2020,95496,3371,11.46683964,8.122964715,0.015693839,0.002970888,45.82,109.85,103.925,-0.97826087,1.909090909,109.75,-21.2,1.70212766,3.105263158,380,41268,86,70086,8398,468.2756819,14536.69004,65,2.6
17-11-2020,96745,3383,11.47983393,8.126518169,0.012994289,0.003553454,39.695,89.26,81.1,1.444444444,3.860465116,128,-30.9,-2.829787234,2.685714286,384,48165,88,70938,8667,661.4728609,13212.78914,66,-1.2
18-11-2020,98162,3415,11.49437445,8.135932772,0.014540524,0.009414603,44.295,94.015,91.57,-8.956521739,-0.97826087,57.11111111,-37.53333333,-22.19230769,8.382978723,374,28577,88,71815,9105,484.7747025,15433.16621,68,-2.4
19-11-2020,99372,3443,11.50662566,8.144098463,0.012251209,0.008165691,44.21,96.75,95.885,-5.847826087,1.804347826,58.52631579,-36.13333333,-21.03846154,8.085106383,367,28401,84,72636,9514,577.9969523,13397.87126,71,8.3
20-11-2020,100790,3451,11.52079442,8.146419323,0.014168761,0.00232086,42.985,90.78,97.19,-8.022222222,0.326086957,30.52380952,-38.93333333,-27.28846154,10.29787234,422,29125,82,73417,10106,494.0845374,15296.64922,85,12
21-11-2020,102378,3472,11.53642712,8.152486076,0.015632701,0.006066753,41.875,85.985,91.85,-7.913043478,1.086956522,22.40909091,-38.33333333,-20.76923077,9.127659574,424,36707,88,74303,10631,588.9279559,14936.27296,80,3.2
22-11-2020,103912,3486,11.55129967,8.156510226,0.014872541,0.00402415,46.15,97.485,106.455,-10.23404255,-3.739130435,6.24137931,-38.83333333,-20.55769231,10.4893617,431,39559,98,75220,11271,587.8573211,15603.2793,81,0.5
23-11-2020,105501,3505,11.56647571,8.161945799,0.015176044,0.005435573,41.215,94,95.315,-2.608695652,4.068181818,42.22727273,-26.3,-1.191489362,4.578947368,452,40509,106,76238,11630,537.169774,14369.57091,100,-0.4
24-11-2020,106510,3519,11.57599416,8.165932137,0.009518446,0.003986338,33.28,60.25,65.365,-15.04545455,-6.744186047,-23.43333333,-42.53333333,-9.595744681,6.085714286,502,44837,107,77241,12188,484.4869385,13899.99848,89,0.2
25-11-2020,107883,3554,11.58880259,8.175829009,0.012808429,0.009896871,39.445,76.08,84.485,-11.17777778,-4.152173913,-6.952380952,-40.93333333,-23.80769231,9.382978723,479,0,118,78303,12345,598.8046283,14078.96988,72,4.8
26-11-2020,109361,3575,11.60240962,8.181720455,0.01360703,0.005891446,39.9,77.655,87.43,-12.7173913,-4.456521739,-9.583333333,-40.46666667,-21.96153846,9.85106383,500,75557,125,79295,12830,464.2983439,16642.45726,80,9.3
27-11-2020,111216,3595,11.61922954,8.18729927,0.01681992,0.005578815,39.84,78.3,87.235,-11.95652174,-2.934782609,-7.583333333,-38.8,-21.53846154,10.04255319,529,26468,127,80430,12830,566.3786095,14978.95253,98,6.4
28-11-2020,113038,3624,11.63547932,8.195333667,0.016249789,0.008034397,41.725,82.535,92.52,-8.217391304,1.347826087,9.909090909,-37.23333333,-19.96153846,9.489361702,535,33440,127,81925,12822,524.9573274,13530.58965,87,4.4
29-11-2020,114746,3648,11.65047627,8.201934351,0.014996945,0.006600684,46.175,104.37,109.46,-7.787234043,-2.456521739,21.85185185,-38.03333333,-19.88461538,9.914893617,526,41838,146,83301,12628,474.9575421,13301.67129,84,5.8
30-11-2020,116492,3656,11.66557788,8.204124933,0.015101611,0.002190581,40.745,90.21,97.03,-2.02173913,7.227272727,19.68,-25.56666667,-0.625,4.894736842,518,48173,142,84716,12623,544.5654823,12083.01042,92,2.3
01-12-2020,118199,3663,11.68012492,8.206037763,0.014547044,0.00191283,35.53,64.115,66.42,-15.61363636,-4.255813953,-17.92857143,-40.46666667,-9.170212766,6.514285714,513,46671,146,86079,12827,550.8342553,16537.59646,82,-1.2
02-12-2020,119922,3698,11.69459681,8.215547412,0.014471887,0.009509649,37.76,80.93,82.44,-13.84782609,-3.695652174,-12.68181818,-41.46666667,-23.67307692,10.4893617,484,46389,147,87508,12912,555.5411894,14474.20581,76,1.2
03-12-2020,121746,3712,11.70969219,8.219326094,0.015095376,0.003778682,37.205,76.92,85.975,-10.86956522,-0.956521739,-12.58333333,-40.16666667,-21.84615385,9.914893617,507,37471,156,88992,13004,533.2485122,12745.58113,79,1.3
04-12-2020,123526,3737,11.72420694,8.226038429,0.014514753,0.006712336,38.03,83.6,85.57,-13.60869565,-5,-15.84615385,-40.7,-22.32692308,10.95744681,534,27053,159,90074,12917,640.3397193,13415.8851,71,1.6
05-12-2020,125385,3757,11.73914428,8.231376046,0.014937344,0.005337616,38.61,85.69,93.075,-4.391304348,5.543478261,-5.041666667,-39.36666667,-20.88461538,9.829787234,523,36076,159,91550,12779,439.2621318,14562.13681,89,-1.4
06-12-2020,127309,3772,11.75437248,8.235360644,0.015228198,0.003984598,42.95,99.395,106.03,-8.595744681,-1.586956522,-1.172413793,-40.3,-20.71153846,10.59574468,556,47576,151,92915,12871,564.637562,13479.29122,63,-2.8
07-12-2020,129234,3798,11.76937999,8.242229891,0.015007512,0.006869248,37.715,91.205,93.425,-1.086956522,8.113636364,30.4,-27.73333333,-0.361702128,5.078947368,542,58037,151,94366,13255,526.0220908,14405.00018,56,-2.7
08-12-2020,130910,3808,11.78226534,8.244859396,0.01288535,0.002629505,34.065,73.075,72.325,-2.75,6.162790698,38.79166667,-37.5,-5.510638298,4.771428571,595,55086,155,95876,13538,565.5288368,12095.85752,63,-2.4
09-12-2020,132800,3836,11.79659952,8.252185436,0.014334173,0.00732604,37.16,79.695,84.9,-10.31111111,0.782608696,-28.90909091,-43.5,-23.25,10.42553191,586,53759,156,97319,13779,542.170575,12404.02242,67,2.3
10-12-2020,134783,3871,11.81142136,8.261268151,0.014821841,0.009082715,37.88,81.085,84.92,-20.62222222,-7.717391304,-23,-44.83333333,-26.78846154,12.59574468,618,39606,168,98639,14197,594.5666098,14635.5822,59,3.4
11-12-2020,136631,3916,11.82503914,8.272826004,0.013617784,0.011557853,37.25,82.88,88.395,-11.76086957,1.282608696,-6.36,-41.03333333,-21.90384615,10.61702128,645,34640,185,100012,14524,871.6919605,13849.82811,68,5.1
12-12-2020,138504,3933,11.83865449,8.277157772,0.013615345,0.004331769,38.175,84.965,91.67,-8.195652174,5.195652174,-4.458333333,-41.33333333,-20.09615385,10.14893617,656,44226,183,101698,14526,783.5049927,16767.64555,72,6.3
13-12-2020,140181,3949,11.85068972,8.281217661,0.012035239,0.004059889,39.645,91.465,101.54,-13.9787234,-3.553191489,-14,-43.7,-19.55769231,11.46808511,666,52873,195,103239,14795,775.6069552,14855.54278,67,2.3
14-12-2020,142121,3972,11.86443409,8.287025025,0.013744363,0.005807364,38.245,86.21,94.385,-5.326086957,6.954545455,5.76,-30.8,-1.234042553,5.736842105,674,56001,207,104792,14997,761.0243625,15196.44223,73,-0.4
15-12-2020,144396,3992,11.8803148,8.292047637,0.015880718,0.005022612,32.61,69.62,70.555,-9.555555556,3.162790698,8.166666667,-42.7,-7.170212766,5.657142857,709,59399,202,106416,15212,650.9422492,12944.3192,62,-5.1
16-12-2020,146535,4035,11.89501959,8.302761581,0.014704783,0.010713943,37.57,76.865,84.705,-11.15217391,0.739130435,-9.5,-43.26666667,-22.96153846,10,701,59251,204,107990,15547,708.8777787,14281.59751,60,-7.2
17-12-2020,148967,4058,11.91148008,8.30844552,0.016460497,0.00568394,36.82,80.51,88.24,-10.82608696,2.043478261,-7.347826087,-41.6,-20.59615385,9.765957447,725,45283,213,109402,16034,578.538333,13187.25761,68,-5.4
18-12-2020,151257,4098,11.92673566,8.318254329,0.015255572,0.009808808,35.99,83.605,89.83,-14.2173913,-1.086956522,-11.8,-42.43333333,-22,10.85106383,794,39198,219,110951,16151,780.1771224,12846.42532,72,-5.5
19-12-2020,153614,4125,11.94219824,8.324821299,0.015462586,0.00656697,37.09,83.745,93.66,-6.304347826,8.239130435,0.681818182,-40.16666667,-20.13461538,9.936170213,811,48546,221,112875,16089,845.3925003,11521.87608,78,0.3
20-12-2020,155930,4150,11.95716247,8.330863613,0.014964226,0.006042314,39.66,95.165,106.76,-8.446808511,3.304347826,3.928571429,-42.4,-19.09615385,10.63829787,829,61809,228,114679,16233,581.5794338,12754.13484,70,2.3
21-12-2020,158053,4167,11.9706857,8.334951631,0.013523231,0.004088018,34.115,78.55,86.655,-10.76086957,5.659090909,-14.74074074,-34.46666667,-3.520833333,7.105263158,808,63051,235,116432,16283,782.0742794,13771.944,62,1.5
22-12-2020,160255,4188,11.98452158,8.339978572,0.013835877,0.005026941,30.48,66.95,70.595,-8.533333333,4.604651163,1,-41.9,-7.425531915,6.057142857,855,65260,237,118350,16221,684.0341857,13310.35077,64,1
23-12-2020,162663,4229,11.99943585,8.349720837,0.014914279,0.009742265,35.95,77.885,86.18,-11.56521739,3.347826087,-10.52173913,-43.83333333,-23.46153846,10.55319149,813,58190,253,120028,16204,774.9451488,10972.03174,65,3.4
24-12-2020,165110,4278,12.0143672,8.36124089,0.014931342,0.011520052,33.99,76.425,89.89,-8.260869565,6,-13.7826087,-40.96666667,-22.53846154,10.34042553,857,57091,244,121563,16586,757.3460611,15242.68626,59,3.4
25-12-2020,165110,4278,12.0143672,8.36124089,0,0,34.26,76.21,90.855,-9.304347826,4.652173913,-22.22222222,-42,-22.23076923,11.31914894,921,39566,249,123373,17031,694.9875047,11331.37211,64,-2.9
26-12-2020,169411,4359,12.04008299,8.379997952,0.025715797,0.018757063,36.22,83.55,97.165,-5.822222222,11.69565217,-13.07692308,-40.83333333,-21.46153846,11.0212766,932,49189,256,125416,17084,791.0122783,13710.68424,72,-4
27-12-2020,171416,4377,12.05184863,8.384118837,0.011765636,0.004120885,38.37,94.69,111.13,-9.893617021,4.673913043,-6.24137931,-42.4,-20.11538462,11.61702128,919,58178,263,127425,17484,806.7312971,13672.53907,84,-0.6
28-12-2020,171416,4377,12.05184863,8.384118837,0,0,33.835,81.59,93.665,-7.043478261,11.34090909,2.6,-25.2,-2.708333333,6.289473684,877,68246,261,129417,17742,686.4396359,15931.16211,85,0.4
29-12-2020,175908,4455,12.07771641,8.40178234,0.02586778,0.017663503,30.595,68.47,73.5,-7.866666667,8.325581395,2.518518519,-38.73333333,-6.85106383,6.142857143,895,67207,256,131282,18207,751.3522987,16563.05814,74,-3.4
30-12-2020,178831,4474,12.0941965,8.406038142,0.016480095,0.004255802,35.125,90.38,98.795,7.155555556,32.19565217,4.3,-39.9,-34.21153846,11.10638298,875,69412,261,133213,18567,736.0920979,14414.49293,80,0.7
31-12-2020,182159,4530,12.11263521,8.418477218,0.018438706,0.012439076,36.335,90.545,105.375,11.15555556,40.39130435,6.636363636,-36.76666667,-34.94230769,10.82978723,915,54505,265,134867,19019,674.6916646,12266.96604,100,-0.8
