date,totcases,totdeaths,logtot,logdet,logdiff,logddiff_det,transit,walking,driving,recreation,essentials,parks,station_transit,workplace,resedential,TotalHospitalized,DailyTested,TotalICU,TotalRecovered,TotalActive,quebec,quebec-us,Coronavirus,Mean Temp
01-03-2020,1,0,0,#NAME?,,,123.91,144.905,129.805,0,-2.362318841,0.12,0.347826087,1.368421053,0.692307692,,0,,0,0,2293.059609,5793.970205,94,-9.6
02-03-2020,1,0,0,#NAME?,0,,104.335,148.165,116.23,6.446428571,2.898305085,37.15384615,4.631578947,3.261904762,-0.571428571,,0,,0,0,2376.722544,6160.991824,70,-1.5
03-03-2020,1,0,0,#NAME?,0,,83.045,98.845,88.17,13.63043478,11.28571429,55.95652174,5.777777778,4.628571429,-1.444444444,,0,,0,0,2865.711385,5832.6157,100,2.7
04-03-2020,1,0,0,#NAME?,0,,98.02,104.19,99.11,2.113636364,1.083333333,23.52941176,-0.714285714,3.474358974,-0.074074074,,0,,0,1,2379.154317,7603.727083,89,1.6
05-03-2020,2,0,0.693147181,#NAME?,0.693147181,,101.3,110.67,105.355,3.638297872,4.1,5.833333333,-0.428571429,3.3375,-0.018518519,,0,,0,1,911.3637084,5654.394009,12,0
06-03-2020,3,0,1.098612289,#NAME?,0.405465108,,101.065,104.375,102.595,1.632653061,5.016666667,-7.791666667,-2.142857143,2,0.537037037,,0,,0,1,1047.043516,4756.79543,13,-2.9
07-03-2020,3,0,1.098612289,#NAME?,0,,104.725,100.725,97.9,-26.62745098,-20.890625,-33.54545455,-16.95454545,-14.95121951,8.918367347,,0,,0,1,1130.173139,5337.156426,12,-5.2
08-03-2020,4,0,1.386294361,#NAME?,0.287682072,,119.31,134.36,127.355,-1.392857143,-0.027777778,-12.40740741,6.454545455,1.092105263,0.942307692,,0,,0,1,959.9870246,5776.78817,11,1.6
09-03-2020,5,0,1.609437912,#NAME?,0.223143551,,110.295,149.365,112.825,6.339285714,6.883333333,5.655172414,3.8,3.975609756,-0.523809524,,0,,0,1,800.1225933,5060.49857,15,5.4
10-03-2020,5,0,1.609437912,#NAME?,0,,88.56,100.73,90.205,16.19148936,13.06122449,31.2173913,3.666666667,4.571428571,-2,,0,,0,1,853.7443041,4495.914975,16,1.7
11-03-2020,8,0,2.079441542,#NAME?,0.470003629,,104.325,110.73,104.91,9.488372093,5.133333333,2.166666667,-7.571428571,-13.61445783,2.46,,0,,0,2,844.3269767,5205.169111,16,-3.3
12-03-2020,17,0,2.833213344,#NAME?,0.753771802,,108.655,121.925,109.955,13.72727273,7.016949153,15.9375,-7.761904762,-13.5060241,1.788461538,,0,,0,3,877.0250555,5291.175954,18,-0.7
13-03-2020,17,0,2.833213344,#NAME?,0,,109.965,121.06,110.055,8.354166667,1.55,-4.590909091,-11.13636364,-15.03614458,2.846153846,,0,,0,3,930.1016044,5929.99506,23,4.6
14-03-2020,24,0,3.17805383,#NAME?,0.344840486,,115.4,138.64,118.47,14.1372549,5.333333333,24.17647059,-5.681818182,-14.19512195,1.673076923,,0,,0,4,817.2412541,4729.377966,27,1.4
15-03-2020,39,0,3.663561646,#NAME?,0.485507816,,111.955,137.23,118.095,2.053571429,-5.115942029,-3.875,-9.545454545,-14.8875,3.244897959,,0,,0,5,985.6075437,5041.91259,42,-4.6
16-03-2020,50,0,3.912023005,#NAME?,0.248461359,,100.155,139.195,107.87,6.351851852,0.661016949,32.34615385,1.157894737,2.585365854,-0.619047619,,0,,0,5,961.8365335,5643.248356,98,-4
17-03-2020,74,0,4.304065093,#NAME?,0.392042088,,84.83,101.935,86.26,11.02083333,6.367346939,18.23076923,-0.222222222,2.805555556,-1,,0,,0,8,793.7754795,4367.286854,100,3.1
18-03-2020,94,1,4.543294782,0,0.239229689,inf,100.995,108.78,98.17,1.909090909,-2.133333333,7,-3.636363636,-0.620253165,1.203703704,,0,,0,17,944.8591432,4290.649831,78,0
19-03-2020,121,1,4.795790546,0,0.252495763,0,101.095,106.655,103.865,-8.893617021,-9.816666667,-28.82608696,-10.59090909,-4.074074074,4.094339623,,0,,0,17,944.2851889,4655.71703,81,4.1
20-03-2020,139,1,4.934473933,0,0.138683388,0,98.975,115.375,105.6,3.551020408,1.466666667,-9.869565217,-3.238095238,2.679012346,0.481481481,,0,,0,24,837.9892069,5390.578016,86,7
21-03-2020,181,4,5.198497031,1.386294361,0.264023098,1.386294361,89.9,111.245,102.34,9.823529412,21.83076923,-5.526315789,-2.818181818,3.6125,-0.6,,0,,0,39,869.5595438,4929.775112,81,-4.7
22-03-2020,219,4,5.38907173,1.386294361,0.190574699,0,76.925,100.77,92.055,-12.89285714,20.65714286,-40.89285714,-23.33333333,-10.16455696,7.604166667,,6202,,0,50,733.6428468,5726.790301,77,-5
23-03-2020,628,4,6.442540166,1.386294361,1.053468437,0,65.825,99.955,78.855,-14.84313725,6.533333333,-15.0625,-18.89473684,0.093023256,5.2,,1599,,0,74,935.0180012,5309.446237,71,-2.6
24-03-2020,1040,4,6.946975992,1.386294361,0.504435826,0,52.14,69.16,59.945,-14.70454545,5.755102041,1.703703704,-21.11111111,-3.861111111,4.411764706,,1133,,1,92,872.3174155,5298.118257,63,2.6
25-03-2020,1339,6,7.199678346,1.791759469,0.252702354,0.405465108,50.23,69.425,67.92,-19.19047619,5.13559322,-1.631578947,-37.22727273,-21.68674699,9,,1517,,1,119,686.5969045,4374.427319,65,3
26-03-2020,1629,8,7.395721609,2.079441542,0.196043263,0.287682072,39.27,55.065,58.18,-35.76744186,-4.216666667,-33.13043478,-47.68181818,-28.37349398,13.47916667,,0,,1,137,872.3891585,4975.447323,64,7.1
27-03-2020,2021,18,7.611347717,2.890371758,0.215626109,0.810930216,37.045,58.945,57.01,-33.42222222,4.183333333,-1.684210526,-46.13636364,-31.26190476,13.875,,484,,1,176,946.4280302,4780.33665,63,3.5
28-03-2020,2498,22,7.823245691,3.091042453,0.211897973,0.200670695,32.65,54.505,55.43,-37.82352941,1.044776119,-2.263157895,-46.52173913,-33.75294118,15.60416667,,1133,,1,214,903.0391417,5442.820412,56,3.2
29-03-2020,2840,22,7.951559331,3.091042453,0.12831364,0,31.04,48.93,54.185,-49.03571429,-13.33802817,-44.51851852,-53.375,-35.76470588,19.76923077,,1659,,1,623,1028.82623,5148.455373,53,4.9
30-03-2020,3430,25,8.14031554,3.218875825,0.188756209,0.127833372,27.63,45.32,42.17,-52.77358491,-18.11864407,-20.77419355,-40.95238095,-28.84782609,14.29411765,,2036,,1,1035,715.4606349,5173.27548,48,5
31-03-2020,4162,31,8.333751007,3.433987204,0.193435467,0.21511138,24.43,39.555,34.27,-53,-22.75,-12.4137931,-44.42105263,-30.06976744,10.93333333,,15208,,1,1332,840.3875729,5366.334339,52,3.8
01-04-2020,4611,33,8.436200032,3.496507561,0.102449025,0.062520357,24.75,41.19,45.335,-39.58536585,-11.85,-42.81818182,-56.13043478,-38.73809524,16.30952381,,5134,,1,1620,823.6731191,5067.815227,48,2.6
02-04-2020,5518,36,8.615770755,3.583518938,0.179570723,0.087011377,22.245,44.94,42.585,-48.02272727,-18.96774194,-17.38888889,-56.30434783,-46.46067416,20,,5487,,29,1974,873.5395488,5309.339201,45,3.9
03-04-2020,6101,61,8.716207971,4.110873864,0.100437216,0.527354926,20.9,43.935,36.485,-58.08163265,-26.08474576,-22.08695652,-61.13043478,-56.8,24.74193548,,11252,,29,2447,762.0654066,5721.787552,39,6.8
04-04-2020,6997,75,8.853236765,4.317488114,0.137028794,0.206614249,19.785,40.59,36.24,-58.23076923,-23.6557377,-35,-63.73913043,-57.61111111,26.06451613,,5673,,84,2734,807.5224762,5345.294091,38,7.4
05-04-2020,7944,94,8.980172206,4.543294782,0.126935441,0.225806669,20.25,50.19,40.585,-61.17857143,-28.55555556,-16.2,-59.08695652,-56.96551724,27.14285714,,7398,,84,3321,102.5008884,1788.948526,63,6.5
06-04-2020,8580,121,9.057189192,4.795790546,0.077016987,0.252495763,18.84,41.995,32.91,-63.71698113,-34.46153846,-22.06060606,-49.65,-42.77083333,17,,7226,,84,4047,116.1080732,1528.965309,65,5.6
07-04-2020,9340,150,9.142061531,5.010635294,0.084872339,0.214844748,16.01,24.785,25.125,-69.0212766,-45.6,-67.60714286,-65.2,-43.11363636,14.54545455,,2322,,155,4423,108.846334,1518.90529,85,6.1
08-04-2020,10031,175,9.213435577,5.164785974,0.071374046,0.15415068,19.385,32.455,33.285,-57.40909091,-34.25925926,-51.59090909,-69.30434783,-58.70454545,24.37931034,,3950,,224,5258,98.92132245,1536.372463,100,4.6
09-04-2020,10912,213,9.29761838,5.361292166,0.084182803,0.196506192,20.56,45.915,36.85,-52.06666667,-23.78947368,1.055555556,-61.91304348,-58.42222222,24.03225806,,8390,,306,5734,109.8558255,1961.117744,98,3.4
10-04-2020,11677,241,9.365376374,5.484796933,0.067757994,0.123504768,19.325,40.545,36.24,-53.58333333,-24.9137931,-31.8,-64.08695652,-58.85555556,25.48387097,,6303,,437,6485,126.5991083,1849.746006,73,4
11-04-2020,12292,289,9.416703923,5.666426688,0.051327549,0.181629755,18.73,36.62,34.355,-58.84313725,-28.40983607,-49.56521739,-70.43478261,-59.50561798,27.62068966,,4677,,464,7386,122.0848401,1626.35557,90,3.2
12-04-2020,12846,328,9.460787758,5.793013608,0.044083835,0.12658692,19.37,41.99,37.4,-62.03571429,-30.9375,-49.20689655,-67.20833333,-58.85057471,29.35714286,,4272,,611,7848,116.2319646,1914.721541,79,6.8
13-04-2020,13557,360,9.514658298,5.886104031,0.05387054,0.093090423,17.65,48.905,32.65,-61.39622642,-31.66037736,-23.79411765,-45.63157895,-43.875,17.28571429,,3943,,720,8470,105.2166034,1849.644875,76,10.1
14-04-2020,14248,435,9.564371825,6.075346031,0.049713527,0.189242,15.775,32.075,24.39,-83.58536585,-81.41860465,-47.72413793,-66.52631579,-50.66666667,15.9,,5109,,827,9029,119.8037483,1858.976963,70,4.9
15-04-2020,14860,487,9.606428318,6.188264123,0.042056493,0.112918092,18.985,45.105,35.27,-47.13953488,-22.5,-4,-62.43478261,-57.85227273,23.19354839,679,4538,196,827,9872,112.9077543,1500.865062,56,2.2
16-04-2020,15857,630,9.671366322,6.445719819,0.064938004,0.257455696,18.145,47.325,35.63,-52.75555556,-25.36363636,-3.055555556,-62.69565217,-59,24.67741935,733,4293,186,1341,10095,128.0979097,1485.056112,43,1.1
17-04-2020,16798,688,9.729015111,6.533788838,0.057648788,0.088069019,18.39,44.33,36.31,-52.9375,-25.46428571,-23.69565217,-63.13043478,-59.3956044,25.61290323,778,4677,211,1563,10440,100.5592825,1536.825627,68,1.4
18-04-2020,17521,805,9.77115544,6.690842277,0.04214033,0.157053439,16.55,37.585,36.64,-55.2745098,-23.37704918,-57.48,-68.69565217,-59.98888889,27.73333333,824,3406,217,1745,10773,90.23924216,1584.295961,73,3.4
19-04-2020,18357,877,9.817766252,6.776506992,0.046610812,0.085664715,17.53,39.75,36.375,-62.4,-29.81967213,-50.96296296,-71.375,-70.19101124,33.17391304,879,5194,226,1982,11215,108.2553188,1518.663961,67,6.1
20-04-2020,19319,939,9.868844347,6.844815479,0.051078094,0.068308487,16.63,40.695,33.735,-61.05769231,-29.39622642,-42.69444444,-51.63157895,-46.08333333,18.91666667,936,5630,230,2146,11667,140.4767704,1939.569457,65,1.3
21-04-2020,20126,1041,9.90976779,6.947937069,0.040923444,0.103121589,15.71,39.995,27.105,-80.15555556,-77.62790698,-14.57692308,-53.47058824,-52.53333333,14.875,984,5934,218,2491,11882,112.8715913,1572.850405,63,3.8
22-04-2020,20965,1134,9.95060966,7.033506484,0.040841869,0.085569416,18.89,30.295,29.85,-60.65909091,-43.17021277,-62.81818182,-76.40909091,-74.88043478,30.45454545,1018,5731,209,2841,12386,127.1537321,1588.414936,70,-1.6
23-04-2020,21838,1243,9.991406851,7.125283092,0.040797191,0.091776607,19.645,43.51,38.595,-48.88888889,-23.16071429,-26.7,-62.91304348,-56.85393258,24.90625,1076,5047,207,3068,13042,129.3602526,1784.349723,67,1.5
24-04-2020,22616,1340,10.0264129,7.200424893,0.035006049,0.075141801,19.57,42.525,40.6,-49.40425532,-24.82142857,-31.8,-63.30434783,-56.07865169,25.4375,1130,5178,258,3315,13401,124.4837236,1261.529474,57,3.5
25-04-2020,23267,1446,10.05479133,7.276556403,0.028378427,0.07613151,19.19,44.13,42.085,-51.66666667,-26.17241379,-28.60869565,-63,-55.65555556,26.21875,1102,4718,183,3555,13925,109.4809021,1687.519473,40,7.5
26-04-2020,24107,1515,10.09025753,7.323170718,0.035466207,0.046614315,19.595,47.84,45.44,-55.6,-30.07936508,-36.82142857,-63.04166667,-54.66666667,28.06896552,1169,4319,198,3847,14533,103.9689711,1771.749797,30,8.8
27-04-2020,24982,1599,10.12591084,7.377133713,0.035653311,0.053962995,19.065,49.905,38.925,-54.92307692,-28.17647059,-13.4516129,-43.7,-37.19148936,16.9375,1224,3718,201,4048,15037,124.8255112,1473.742487,58,8.2
28-04-2020,25757,1682,10.15646171,7.427738841,0.030550869,0.050605128,17.38,34.81,30.32,-80.70731707,-79.27906977,-46.46428571,-64.73684211,-46.54545455,15.8,1278,6397,199,4291,15540,104.5094902,1802.174288,58,9
29-04-2020,26594,1761,10.18844091,7.473637108,0.031979192,0.045898268,21.115,49.53,45.515,-35.3902439,-15.44827586,8.0625,-56.81818182,-50.70454545,20.57142857,1411,5104,207,4484,16111,97.79551928,1572.437736,64,10.7
30-04-2020,27538,1859,10.22332215,7.527793988,0.034881243,0.054156879,20.7,39.07,43.33,-46.93023256,-25.43636364,-42.18181818,-64.47826087,-51.29213483,23.51428571,1460,2417,227,4724,16552,141.1388581,1492.694388,57,10.1
01-05-2020,28648,2022,10.26283891,7.6118424,0.039516764,0.084048412,21.31,41.485,44.59,-50.80851064,-29.0754717,-47,-65.26086957,-52.47777778,24.44117647,1509,4967,217,5057,16764,100.6760522,1590.801182,35,12.2
02-05-2020,29656,2136,10.29741974,7.6666902,0.034580833,0.0548478,20.94,48.635,49.13,-46.70588235,-21.86206897,-7.45,-59.60869565,-51.19101124,23.82352941,1518,5012,215,5342,17250,101.0535996,1561.860344,27,11.1
03-05-2020,31865,2205,10.36926351,7.698482788,0.071843763,0.031792588,21.71,55.795,53.355,-49.49090909,-26.35483871,-5.8,-56.56521739,-50.38372093,24.75757576,1541,1785,210,5517,17866,112.9115108,1797.982,27,15.1
04-05-2020,32623,2280,10.39277284,7.731930722,0.023509332,0.033447934,21.365,59.39,45.26,-47.70588235,-23.05660377,15.42307692,-33.65,-33.38297872,15.11764706,1625,4300,217,5841,18234,116.556249,1381.460038,21,8
05-05-2020,33417,2398,10.41682003,7.782390336,0.024047191,0.050459614,19.23,40.105,35.98,-73.68888889,-74.18181818,-18.25925926,-52.16666667,-41.84444444,14,1648,4507,222,6048,18785,100.5777816,1720.577507,80,7.1
06-05-2020,34327,2510,10.4436875,7.828038032,0.026867464,0.045647697,24.175,47.2,49.16,-33.43902439,-14.68965517,-10.33333333,-58.86363636,-48.13953488,19.80555556,1684,5068,214,6299,19380,126.6586871,1659.304174,89,9.5
07-05-2020,35238,2631,10.46988032,7.875119281,0.026192829,0.047081249,23.88,56.74,52.43,-36.09302326,-16.48275862,27.5625,-52.17391304,-48.60674157,20.19444444,1716,5320,218,6700,19926,111.6012838,1547.297208,100,9.5
08-05-2020,36150,2725,10.49543223,7.910223707,0.025551903,0.035104426,24.695,59.045,55.91,-36.4,-17.48275862,27.75,-50.95652174,-48.65168539,20.16666667,1738,9326,222,6965,20555,119.5354165,1328.570533,81,3.2
09-05-2020,36986,2786,10.51829474,7.932362154,0.022862514,0.022138447,23.025,45.235,51.435,-46.2745098,-21.86440678,-43.91304348,-60.65217391,-48.8988764,23.58333333,1754,6112,218,7258,22402,114.2702556,1465.313566,82,3
10-05-2020,37721,2928,10.53797225,7.982074875,0.019677506,0.049712721,26.03,58.78,60.15,-45.67272727,-19.875,-17.46153846,-47.13043478,-47.69767442,24.18181818,1772,4369,218,7578,22765,128.3476326,1683.435333,74,6.3
11-05-2020,38469,3013,10.557608,8.010691539,0.019635754,0.028616664,25.635,71.76,54.63,-41,-15.60714286,32.25,-27.66666667,-30.13043478,13,1821,4189,218,7923,23096,92.6684018,1652.754409,74,5.3
12-05-2020,39225,3131,10.57706958,8.049107721,0.019461576,0.038416182,24.395,55.53,44.205,-68.64444444,-69.29545455,19.11111111,-46.22222222,-36.77777778,12.66666667,1840,11568,213,8284,23533,93.4935635,1518.015687,67,5.2
13-05-2020,39931,3220,10.59490824,8.077136639,0.017838666,0.028028917,28.525,56.125,58.325,-23.87804878,-7.298245614,-10.33333333,-52.31818182,-42.08235294,17.46341463,1836,9212,224,8673,23934,110.8164192,1518.998995,66,7.8
14-05-2020,40724,3351,10.61457288,8.117014088,0.019664635,0.039877449,29.58,61.04,61.18,-30.25581395,-11.13114754,9.823529412,-48.2173913,-42.40697674,18.34883721,1827,6776,207,8928,24497,122.0501403,1668.122574,78,10.8
15-05-2020,41420,3401,10.63151913,8.131824785,0.016946257,0.014810697,30.245,68.73,64.69,-27.66666667,-10.06779661,44.35294118,-41.95652174,-41.68965517,17.88636364,1835,10451,205,9268,24932,110.2396229,1628.537236,72,12.3
16-05-2020,42183,3483,10.64977258,8.15564927,0.01825344,0.023824485,27.405,63.495,63.545,-30.3,-12.5,31.66666667,-44.73913043,-41.96551724,18.72093023,1831,1653,199,9526,25267,100.3273081,1681.939402,71,14.1
17-05-2020,42920,3562,10.6670932,8.178077464,0.017320621,0.022428193,26.84,59.88,67.395,-37,-14.07352941,-9.653846154,-49.43478261,-40.91463415,21.30555556,1838,5974,193,9703,25753,112.1197846,1616.659264,72,14.7
18-05-2020,43627,3596,10.6834315,8.187577396,0.016338307,0.009499932,24.36,53.18,59.005,-35.02,-3.672413793,-25.6875,-34.55,-25.52173913,13.88235294,1841,1891,186,10056,26038,105.1152173,1369.895719,69,13.9
19-05-2020,44197,3647,10.69641219,8.201660191,0.012980689,0.014082795,23.25,48.1,50.02,-61.63043478,-63.04166667,-10.33333333,-44,-30.46511628,11.30769231,1876,5640,194,10470,26241,110.4005308,1479.01337,63,14.2
20-05-2020,44775,3718,10.70940523,8.220941168,0.012993034,0.019280977,27.62,62.77,59.005,-23.24390244,-6.271186441,25.1875,-46.18181818,-35.32142857,15.13333333,1834,6401,190,10829,26544,120.0966045,1877.346798,62,15.4
21-05-2020,45495,3800,10.72535771,8.242756346,0.015952482,0.021815177,21.42,48.77,50.02,-27.4047619,-8.847457627,25.64285714,-43.60869565,-36.23529412,16.15217391,1822,7939,191,11039,26980,106.5395582,1608.427156,75,17.8
22-05-2020,46141,3865,10.7394572,8.259716961,0.014099496,0.016960615,29.95,70.425,74.255,-25.32608696,-9.049180328,51.125,-40.7826087,-36.2,15.93617021,1763,8604,179,11458,27242,127.9346,1774.776986,68,19.7
23-05-2020,46838,3940,10.75445012,8.278936002,0.014992914,0.019219041,29.69,76.44,76.71,-26.48,-9.393939394,68.66666667,-40.60869565,-36.24418605,15.95833333,1766,8310,183,11754,27604,123.0410181,1753.054934,57,15.9
24-05-2020,47411,3984,10.76660955,8.290041619,0.01215943,0.011105616,27.65,64.745,80.755,-34.33333333,-12.14285714,-21.44444444,-50.29166667,-36.64634146,19.6,1771,7450,179,12045,27986,110.7405327,1554.06163,53,16.9
25-05-2020,47984,4069,10.7786229,8.311152548,0.012013353,0.021110929,28.79,75.415,73.415,-28.16,-3.181818182,39.30434783,-18.25,-21.02173913,10.41176471,1784,5870,180,12497,28053,116.8729402,1988.409927,46,19.9
26-05-2020,48598,4139,10.79133766,8.328209492,0.012714756,0.017056944,27.53,73.795,61.205,-54.78723404,-55.63829787,92.38888889,-24.84210526,-28.09090909,8.266666667,1516,5582,183,12822,28235,103.8048668,1876.744062,55,23.9
27-05-2020,49139,4228,10.8024083,8.349484347,0.011070639,0.021274855,30.735,73.555,68.52,-10.575,-0.785714286,131,-49.13636364,-69.4,21.42307692,1504,7488,176,13327,28368,107.6122928,1643.008282,46,28.2
28-05-2020,49702,4302,10.81380045,8.36683531,0.011392157,0.017350963,33.525,79.785,83.525,-15.09302326,1.033333333,61,-43.40909091,-33.61445783,13.66666667,1479,7456,171,13819,28457,110.6829188,1719.237216,46,25.8
29-05-2020,50232,4363,10.82440755,8.380915173,0.0106071,0.014079863,33.98,88.98,88.06,-13.18181818,2.383333333,92.71428571,-37.59090909,-33.67857143,13.5,1452,9192,167,14044,28854,88.30868258,1579.20241,50,24.7
30-05-2020,50651,4439,10.83271425,8.398184405,0.0083067,0.017269232,35.36,89.76,91.915,-17.91666667,-0.769230769,96.14285714,-40.09090909,-33.78571429,13.9375,1435,9241,170,14331,29096,105.8545612,1842.794756,48,15.9
31-05-2020,51059,4641,10.84073711,8.442685139,0.008022853,0.044500734,37.875,99.7,102.935,-22.90196078,-0.942857143,74.94117647,-37.54166667,-30.8902439,13.89130435,1425,9557,179,14654,29261,125.9616474,1572.344021,45,9
01-06-2020,51354,4661,10.84649811,8.446985296,0.005761003,0.004300157,34.865,88.205,84.055,-22.08,1.321428571,70.28571429,-20.25,-12.10869565,7.833333333,1403,6157,181,14999,29460,115.8656707,1751.036072,39,9.1
02-06-2020,51593,4713,10.85114128,8.458079927,0.004643174,0.011094631,34.09,79.615,72.67,-28.56818182,-17.63043478,104.0555556,-16.84210526,-12.73684211,4.941176471,1378,6284,184,15319,29592,118.753081,1715.31872,37,11
03-06-2020,51884,4794,10.85676574,8.475120415,0.005624453,0.017040488,39.17,84.295,91.79,-7.256410256,-1.913793103,57.23076923,-39.54545455,-31.43373494,11.625,1331,7076,178,15618,29782,117.095973,1808.455048,43,13.6
04-06-2020,52143,4885,10.86174522,8.493924564,0.004979487,0.018804149,40.13,93.675,97.405,-12.20930233,0.25,74.38461538,-39.52380952,-29.8313253,12.3125,1265,8661,172,15908,29961,106.3020265,1665.560172,39,18.8
05-06-2020,52398,4935,10.8666237,8.504107952,0.004878478,0.010183387,40.375,88.43,99.615,-14,2.310344828,60.93333333,-38.45454545,-30.30952381,12.8125,1197,11099,167,16070,30142,169.204625,1630.472842,100,22.7
06-06-2020,52624,4970,10.87092757,8.511175119,0.004303867,0.007067167,40.08,88.49,100.135,-17.47916667,-0.666666667,66.92857143,-39.90909091,-30.02439024,13.1875,1198,7904,171,16346,30072,151.8868453,2108.046601,91,19.6
07-06-2020,52849,4978,10.87519407,8.512783483,0.004266501,0.001608364,40.155,93.24,106.47,-24.09803922,-5.275362319,27.55,-38.875,-28.93902439,14.69565217,1185,7983,163,16597,30096,163.1853558,1688.388641,80,17.2
08-06-2020,53047,4984,10.87893359,8.51398806,0.003739522,0.001204578,38.785,85.03,91.64,-22.64,-4.178571429,43.43478261,-18,-5,8.315789474,1175,5535,161,16803,30077,190.6332314,1375.042745,87,17.1
09-06-2020,53185,5029,10.88153168,8.522976436,0.002598089,0.008988376,38.475,77.29,79.18,-23.81818182,-14.63265306,45.72,-23.73684211,-5.918918919,6.529411765,1141,6244,158,17098,29992,155.7523741,1970.034751,96,18.5
10-06-2020,53341,5081,10.88446055,8.533263372,0.002928865,0.010286935,42.475,86.82,99.585,-6.8,-1.440677966,50.41666667,-35.68181818,-25.6097561,10.10416667,1076,7000,146,17336,29922,158.5506339,1665.625987,80,20.8
11-06-2020,53485,5105,10.88715652,8.537975731,0.002695975,0.004712359,41.21,85.225,99.52,-13.23255814,-2.9,52.41666667,-36.9047619,-26.98780488,11.47916667,1030,7296,131,17764,29699,158.755322,1866.291884,89,21.9
12-06-2020,53666,5148,10.89053493,8.546363569,0.003378413,0.008387838,42.755,89.15,100.77,-15.15909091,-2.383333333,40.53333333,-36.13043478,-27.39285714,12.4375,981,6878,121,18412,29242,169.7680751,1802.64384,89,15.4
13-06-2020,53824,5195,10.89347474,8.555451904,0.00293981,0.009088335,47.31,107.975,113.155,-12.95833333,1.261538462,132.4444444,-30.40909091,-26.36585366,10.70833333,972,7235,128,18714,29157,170.7497476,1715.878081,81,11.9
14-06-2020,53952,5222,10.89585004,8.560635749,0.002375298,0.005183846,47.735,112.295,123.61,-17.68627451,0.705882353,123.0769231,-29.56521739,-26.51851852,10.14893617,979,4905,121,18994,29069,172.2194591,1865.661078,86,14.4
15-06-2020,54054,5242,10.89773883,8.564458384,0.001888785,0.003822635,42.8,88.365,99.555,-20,-2.120689655,63.89473684,-18.31578947,-5.045454545,7.5,961,3847,117,19361,28795,160.8690322,1874.697234,72,16.4
16-06-2020,54146,5269,10.89943938,8.56959587,0.001700555,0.005137486,46.39,101.82,94.7,-11.51162791,-3.458333333,163.0714286,-3.222222222,-0.944444444,1.941176471,914,4826,117,19841,28419,127.9979861,1781.70273,86,19.9
17-06-2020,54263,5298,10.90159787,8.57508467,0.002158493,0.0054888,50.095,100.845,109.02,-3.692307692,1.413793103,142.4444444,-29.36363636,-22.71578947,8.645833333,871,5506,114,20299,28081,161.8862109,2067.757177,74,19.9
18-06-2020,54383,5340,10.90380688,8.582980932,0.00220901,0.007896262,49.36,101.995,111.77,-8.261904762,1.316666667,128.7,-32.80952381,-23.31578947,9.714285714,840,0,107,20823,27695,184.1566072,2052.961785,93,25.1
19-06-2020,54550,5375,10.90687299,8.589513853,0.003066107,0.006532921,48.405,97.305,110.705,-9.837209302,1.966101695,90.84615385,-34.68181818,-24.07368421,10.6122449,788,10812,102,21281,27348,148.4504395,1837.945546,77,26.2
20-06-2020,54674,5408,10.90914356,8.595634618,0.002270564,0.006120765,47.655,101.64,115.285,-10.83333333,2.121212121,98.69230769,-33.09090909,-24.55789474,11.33333333,769,6005,85,21742,26988,164.5780469,1645.618063,85,27.1
21-06-2020,54766,5417,10.91082484,8.597297436,0.001681287,0.001662818,52.095,110.735,133.25,-15.60784314,1.484848485,100.2,-30.65217391,-22.8,10.10416667,771,4106,82,22213,26599,161.7278475,2119.423147,64,26.7
22-06-2020,54835,5417,10.91208396,8.597297436,0.001259113,0,46.29,95.855,110.03,-16.87755102,-0.642857143,100.4444444,-11.42105263,2.564516129,5.333333333,718,0,77,22350,26527,137.2993402,1896.909697,74,27.7
23-06-2020,54884,5424,10.91297715,8.59858883,0.000893191,0.001291394,46.055,92.765,97.805,-7.604651163,0.12244898,180.2857143,-4.388888889,5.383333333,0.944444444,690,0,72,22549,26416,145.0874734,1657.823046,61,26.8
24-06-2020,54937,5441,10.91394235,8.601718146,0.000965207,0.003129317,55.675,112.42,120.355,1.769230769,4.745762712,163.4444444,-26.81818182,-21.36842105,7.285714286,637,13839,65,22754,26289,148.1433334,1864.356813,86,21.1
25-06-2020,55079,5448,10.9165238,8.603003848,0.002581444,0.001285701,58.155,115.8,123.455,0.69047619,8.362068966,158.8888889,-27.14285714,-21.68421053,8.102040816,574,6347,62,22972,26203,169.2300264,1945.272144,89,21.1
26-06-2020,55079,5448,10.9165238,8.603003848,0,0,57.455,116.64,125.425,-1.674418605,8.931034483,138,-27.76190476,-22.53684211,8.12,529,6187,62,23201,26065,160.0910516,2322.922142,71,21.9
27-06-2020,55079,5448,10.9165238,8.603003848,0,0,56.685,116.055,131.315,-2.872340426,9.303030303,134.8888889,-26.5,-22.89473684,7.959183673,521,84,61,23322,26027,145.244738,1866.512468,78,22.9
28-06-2020,55079,5448,10.9165238,8.603003848,0,0,59.185,122.935,148.49,-6.196078431,11.32352941,133,-23.90909091,-22.95789474,6.854166667,520,38,57,23506,25912,159.845521,1817.638339,77,22.9
29-06-2020,55390,5485,10.92215435,8.609772373,0.005630554,0.006768525,53.22,106.575,124.855,-9.510204082,12.84210526,131.8666667,-2.210526316,3.967213115,1.090909091,515,102990,56,23620,25840,148.0588397,1834.51792,67,22
30-06-2020,55458,5503,10.92338126,8.613048677,0.001226905,0.003276304,48.575,83.14,100.4,-1.837209302,9.541666667,114.3076923,-5.5,8.866666667,-1.888888889,500,4527,52,23710,25786,135.8904124,2164.557509,81,21.7
01-07-2020,55524,5527,10.92457064,8.617400452,0.001189382,0.004351775,62.395,111.01,128.07,7.743589744,10.27586207,120.2222222,-30.04761905,-24.90526316,6.875,487,0,50,23786,25845,187.4504367,1955.372716,65,24
02-07-2020,55593,5541,10.92581257,8.619930269,0.001241934,0.002529817,59.79,113.37,137.14,14.375,32.17241379,96.83333333,-27.71428571,-25.51578947,5.163265306,487,0,50,23786,25845,166.7204833,1881.960955,73,25.3
03-07-2020,55682,5560,10.92741221,8.623353387,0.001599641,0.003423118,55.295,91.41,101.475,-41.22727273,-37.60416667,161.1,-44.31818182,-68.27368421,20.96,487,0,50,23786,25845,169.1911741,2003.779084,74,24.3
04-07-2020,55784,5566,10.92924237,8.624431942,0.001830155,0.001078555,65.09,123.165,138.28,5.510638298,15.79365079,122.2222222,-25.31818182,-27.65263158,7.816326531,487,0,50,23786,25845,150.5617833,2075.917892,77,23.2
05-07-2020,55863,5574,10.93065754,8.625868208,0.001415175,0.001436266,66.475,132.625,151.745,-5.039215686,6.308823529,112.5,-20.63636364,-26.16842105,7.340425532,455,15713,45,24602,25303,228.1772556,1895.261251,76,22.6
06-07-2020,55937,5577,10.93198134,8.626406276,0.001323793,0.000538068,55.35,111.255,121.425,-8.551020408,2.172413793,75.41176471,-3.842105263,0.274193548,3.619047619,435,15604,38,24798,25157,202.6091191,2020.468562,78,22.4
07-07-2020,55997,5590,10.9330534,8.628734566,0.00107206,0.00232829,52.3,89.185,105.45,-0.860465116,-0.551020408,84.35294118,-6.888888889,3.566666667,1.166666667,422,4827,33,24949,25048,224.932426,1924.278145,70,24.6
08-07-2020,56079,5603,10.93451669,8.631057448,0.001463293,0.002322881,63.96,112.795,132.16,13.1025641,7.813559322,108.2222222,-28.0952381,-28.24210526,7.020833333,411,5995,32,25034,25018,211.1774683,1713.278256,70,26.5
09-07-2020,56216,5609,10.93695669,8.63212773,0.002440003,0.001070282,67.31,128.585,148.21,19.48780488,20.37931034,134.6666667,-25.85,-25.93684211,5.673469388,392,5540,31,25158,24964,199.6160944,2215.81787,72,27.4
10-07-2020,56316,5612,10.93873397,8.632662441,0.001777273,0.000534712,64.805,127.95,134.6,-17.95744681,6.836363636,230.25,-32.5,-47.41052632,10.51219512,375,5411,27,25280,24938,203.0700167,1905.212115,83,30.1
11-07-2020,56407,5620,10.94034854,8.634086943,0.001614578,0.001424502,69.91,133.04,151.06,16.47826087,17.53225806,109.3,-24.23809524,-29.01052632,6.428571429,371,75,26,25346,24943,212.8833058,1914.851835,74,25.1
12-07-2020,56521,5627,10.94236753,8.635331719,0.002018986,0.001244777,71.86,149.15,162.865,6.5,13.94029851,143,-18.13043478,-39.17894737,8.125,377,71,25,25378,24982,152.9175779,2203.910943,70,25
13-07-2020,56621,5628,10.94413522,8.635509418,0.001767691,0.000177699,63.62,131.97,144.7,-3.4375,8.01754386,163.0666667,1.222222222,-0.06557377,-0.333333333,347,22015,26,25458,24949,205.0238624,1974.964759,74,23.6
14-07-2020,56730,5633,10.94605845,8.636397439,0.00192323,0.000888021,59.175,105.17,123.56,9.604651163,6.854166667,154.5,3.529411765,2.6,-2.444444444,331,4676,27,25534,24942,222.8595923,1747.955214,78,21.6
15-07-2020,56859,5636,10.9483298,8.636929873,0.002271348,0.000532434,68.89,126.43,141.71,16.925,13.12068966,180.5,-28.4,-26.92631579,5.3125,308,7553,27,25616,24991,229.436005,2072.599666,80,21
16-07-2020,57001,5646,10.95082409,8.638702609,0.002494293,0.001772736,68.16,128.28,142.8,10.43902439,11.43103448,157.2222222,-27.52380952,-27.24210526,6.653061224,317,7152,24,25675,25029,205.0724924,2047.773278,81,24.3
17-07-2020,57142,5647,10.95329468,8.63887971,0.002470586,0.000177101,68.505,125.635,141.495,10.04651163,9.482758621,105.5454545,-29.33333333,-27.01052632,7.836734694,313,14307,22,25773,25014,195.8144109,1838.700016,83,23.2
18-07-2020,57300,5654,10.9560559,8.640118538,0.002761226,0.001238829,69.285,130.86,147.345,4.638297872,9.246153846,131.2222222,-24.68181818,-26.01052632,6.612244898,306,-6101,20,25862,25032,178.020341,2154.512438,100,25.7
19-07-2020,57466,5655,10.95894875,8.640295389,0.002892845,0.00017685,70.04,138.765,162.01,-4.196078431,4.242424242,125.0714286,-23.65217391,-26.51578947,6.787234043,305,6315,21,25911,25082,220.0317699,1898.437929,73,27.5
20-07-2020,57616,5657,10.96155559,8.640648995,0.002606838,0.000353607,56.27,106.465,120.675,-9.081632653,-0.610169492,46.4,-15.05263158,-1.919354839,5,295,20523,21,26025,25072,191.4448703,2019.217764,75,25
21-07-2020,57796,5658,10.96467485,8.640825752,0.003119262,0.000176757,56.995,103.45,114.9,7,3.87755102,111.9333333,-3.055555556,3.426229508,0.444444444,285,7445,20,26097,25126,196.5180067,1646.042321,66,21.6
22-07-2020,57938,5662,10.96712875,8.641532466,0.002453904,0.000706714,67.68,124.55,138.765,13.7,8.275862069,168.5555556,-30.45,-27.48421053,6.1875,277,9143,20,26097,25258,221.4768222,2258.338994,77,21.7
23-07-2020,58080,5662,10.96957665,8.641532466,0.002447897,0,67.435,130.335,142.38,11.25581395,9.982758621,162.6666667,-31.55,-28.10526316,6.918367347,260,9903,16,49939,1556,177.5687482,2024.532752,90,22.1
24-07-2020,58243,5663,10.97237919,8.641709066,0.002802543,0.0001766,69.345,134.94,150.545,13.76086957,10.51724138,163.4,-25.54545455,-27.30526316,6.346938776,248,11087,15,50027,1619,248.4069765,1766.872048,66,22.7
25-07-2020,58414,5666,10.97531087,8.64223868,0.002931674,0.000529614,64.985,124.515,146.12,9.714285714,10.52459016,97.8,-29.95238095,-27.32631579,7.306122449,251,8432,18,50050,1761,192.2785155,1911.592776,80,24.8
26-07-2020,58583,5667,10.97819983,8.642415156,0.002888965,0.000176476,67.585,133.16,158.275,1.588235294,9.318181818,99.85714286,-25.65217391,-28.22105263,8.673913043,251,3260,17,50190,1769,216.3524657,1901.550066,74,27.9
27-07-2020,58728,5667,10.98067189,8.642415156,0.002472063,0,63.755,128.645,145.885,-4.32,6.736842105,159.6666667,0.611111111,0.68852459,-0.19047619,247,10406,15,50298,1840,212.2622222,2128.781738,61,26.9
28-07-2020,58897,5670,10.98354543,8.642944397,0.002873541,0.000529241,54.99,95.16,116.265,2.477272727,2.6,99.4,-6.666666667,0.360655738,-0.555555556,235,9443,16,50373,1903,208.2538452,1876.75269,69,26
29-07-2020,59073,5670,10.98652925,8.642944397,0.002983812,0,66.205,117.785,135.205,17.225,18.13793103,181.875,-34.35,-36.52631579,7.239130435,221,-31531,14,50505,1913,208.9182268,1992.966746,80,21.8
30-07-2020,59131,5673,10.9875106,8.643473357,0.000981354,0.000528961,64.955,126.04,139.735,16.46511628,16.60344828,202.125,-34.2,-36.91578947,7.659574468,220,10851,12,50615,1965,198.8333999,1765.807916,67,22.1
31-07-2020,59132,5674,10.98752751,8.643649615,1.69E-05,0.000176258,62.59,119.325,134.955,13.32608696,13.06779661,136.0909091,-36.19047619,-37.43157895,8.978723404,206,10703,12,50703,2045,191.1081008,1728.204851,63,21.9
01-08-2020,59458,5678,10.99302546,8.644354337,0.005497948,0.000704722,63.29,127.655,141.925,10.25,12.48333333,151.7777778,-30.33333333,-37,9,197,10533,10,50812,2104,216.9355983,1854.076383,48,23.3
02-08-2020,59599,5681,10.99539407,8.644882553,0.002368614,0.000528216,68.135,140.575,159.56,-1.196078431,9.353846154,143.3,-21.17391304,-36.11578947,7.386363636,200,12774,7,50886,2175,189.7183529,1656.72249,42,24.3
03-08-2020,59722,5683,10.99745574,8.645234541,0.002061666,0.000351989,60.345,127.91,144.75,-3.6,7.228070175,169.3333333,-2.333333333,-3.983606557,0,193,10877,8,50886,2341,220.1332673,1758.029879,60,22.3
04-08-2020,59845,5685,10.99951317,8.645586406,0.002057425,0.000351865,52.47,94.32,118.965,3.727272727,4.18,102.5,-10.11764706,-1.459016393,-1.055555556,190,1295,9,50886,2517,230.2535658,1828.248564,68,20.1
05-08-2020,60000,5687,11.00209984,8.645938147,0.002586676,0.000351741,58.775,105.715,126.29,12.3,12.67241379,87,-42.8,-42.25263158,10.09756098,208,15194,18,50886,2572,258.0672215,2225.332002,100,20.1
06-08-2020,60133,5687,11.00431405,8.645938147,0.002214213,0,64.75,122.6,135.3,13.11904762,16.5862069,186.25,-36.6,-41.47368421,9.090909091,189,17293,15,50886,2572,241.6135125,2498.233124,100,19.7
07-08-2020,60241,5687,11.00610846,8.645938147,0.001794408,0,62.095,114.18,132.95,12.97826087,13.20689655,122.1818182,-39.19047619,-41.15789474,9.977777778,177,16832,18,50886,2894,241.4216036,2192.973824,81,21.3
08-08-2020,60367,5692,11.00819788,8.646816959,0.002089414,0.000878812,64.095,126.28,140.15,10.30612245,14.12698413,135.8888889,-33.38095238,-40.82105263,9.622222222,172,-826,17,50886,3032,214.0283886,2060.847642,88,21.6
09-08-2020,60471,5695,11.00991919,8.647343876,0.001721313,0.000526917,62.1,129.94,149.14,1.730769231,10.61538462,135.7272727,-21.47826087,-39.37894737,8.175,172,8845,18,50886,3153,293.6692251,2235.163497,92,23.6
10-08-2020,60627,5696,11.01249562,8.647519453,0.002576427,0.000175577,60.145,136.045,150.505,-1.156862745,7.589285714,176.2,2.666666667,-3.409836066,-0.80952381,169,7386,21,50886,3274,206.4951359,2057.556978,85,24
11-08-2020,60718,5697,11.01399547,8.647694999,0.001499856,0.000175546,49.725,88.09,110.28,-0.326086957,0.5625,41.77272727,-17.22222222,-3.885245902,0.823529412,167,10095,19,50886,3427,248.3261969,2394.925226,82,27.4
12-08-2020,60813,5709,11.01555886,8.649799156,0.001563387,0.002104156,63.07,125.07,142.455,18.61904762,14,164.5555556,-36.9047619,-34.18947368,7.130434783,165,11239,19,50886,3560,266.0433694,1709.155511,83,24.9
13-08-2020,60917,5715,11.01726756,8.650849576,0.0017087,0.00105042,56.195,99.58,131.35,3.604651163,3.86440678,6.533333333,-44.04545455,-34.66315789,10.625,152,9652,19,50886,3668,277.1574496,1709.297978,62,24.1
14-08-2020,61004,5718,11.01869471,8.651374373,0.001427154,0.000524797,63.585,128.18,146.81,13.84444444,11.89655172,123.9090909,-31.86363636,-32.90526316,8.375,155,6494,23,50886,3789,247.6417707,1969.993681,89,22.3
15-08-2020,61084,5719,11.02000525,8.651549244,0.00131053,0.000174871,65.33,139.515,159.245,12.28571429,9.540983607,185.375,-24.19047619,-32.08421053,6.395833333,156,13036,22,50886,3890,229.3610541,2268.723699,80,22.4
16-08-2020,61151,5720,11.02110149,8.651724084,0.001096249,0.00017484,66,146.985,172.405,0.961538462,5.53125,152.6363636,-21.31818182,-30.91578947,5.804347826,156,7769,22,53041,1890,223.6780448,2105.447629,78,23.7
17-08-2020,61206,5721,11.0220005,8.651898894,0.000899009,0.00017481,59.21,139.1,148.735,1.358490566,6.807017544,184.6,2.842105263,-0.196721311,-0.761904762,151,6031,21,53135,1886,233.7207357,1894.18231,77,21.8
18-08-2020,61252,5727,11.02275178,8.652947112,0.000751278,0.001048218,51.965,101.97,123.05,6.75,5.645833333,110.1538462,-8.823529412,1.1,-1.944444444,151,4206,20,53270,1834,234.1795554,2087.983705,80,19.7
19-08-2020,61316,5729,11.0237961,8.653296274,0.001044318,0.000349162,63.63,122.615,144.87,13.24390244,10.34482759,169.7777778,-36.3,-29.67368421,5.541666667,149,12606,23,53441,1761,249.6400192,1998.256075,81,17.3
20-08-2020,61414,5730,11.0253931,8.65347081,0.001597002,0.000174535,62.605,122.27,144.57,7.75,8.413793103,116.3636364,-39.76190476,-30.87368421,7.541666667,151,0,25,53598,1688,228.6000618,2167.940777,70,16.2
21-08-2020,61495,5733,11.02671115,8.653994233,0.001318049,0.000523423,67.345,136.2,155.39,14.65217391,11.81034483,170.4,-32.85714286,-29.81052632,6.1875,149,19651,25,53709,1656,267.8352948,1714.384323,71,19.9
22-08-2020,61599,5739,11.02840092,8.655040258,0.001689766,0.001046025,68.15,138.705,159.6,12.42857143,10.01612903,170,-26.85714286,-29.36842105,5.75,149,9179,25,53847,1584,240.4935607,1896.702731,93,20.4
23-08-2020,61673,5740,11.02960151,8.655214489,0.001200597,0.000174231,67.7,152.795,175,3.754716981,7.029850746,141.9090909,-18.26086957,-28.90526316,5.276595745,145,7958,25,53930,1555,266.8090342,1990.581312,71,23
24-08-2020,61741,5744,11.03070349,8.655911111,0.001101982,0.000696621,60.04,140.76,151.185,1.921568627,6.910714286,186.0666667,6.578947368,-1.016393443,-0.80952381,145,6578,27,54083,1442,254.7415551,2057.954989,65,22.8
25-08-2020,61803,5746,11.03170719,8.65625924,0.001003691,0.000348129,56.805,113.59,129.17,10.70454545,7.869565217,150.5454545,-0.588235294,1.583333333,-3.444444444,146,8032,26,54238,1349,293.2493605,1848.077792,65,18.9
26-08-2020,61945,5747,11.03400217,8.656433259,0.002294988,0.000174019,65.565,121.545,140.49,0.545454545,-2.25,134.5,-51,-39.33333333,6.583333333,136,9828,10,54383,1301,266.7007232,2163.362843,51,14.5
27-08-2020,62056,5750,11.03579248,8.656955134,0.001790309,0.000521875,68.7,133.34,146.19,-0.538461538,-1.888888889,127,-50.6,-38.09090909,8.020833333,124,17473,23,54472,1290,238.1232042,1799.586593,80,13.1
28-08-2020,62124,5750,11.03688767,8.656955134,0.001095185,0,69.77,139.235,156.335,-1.230769231,-1.75,154,-46.6,-37.38235294,6.673469388,124,9102,16,54576,1284,220.8752197,1781.615277,63,16.5
29-08-2020,62232,5755,11.03862462,8.657824321,0.001736949,0.000869187,70.25,138.56,155.94,-1.357142857,-1.5,130.5,-47,-37.05882353,6.204081633,117,10409,14,54682,1251,189.9302032,1572.381709,55,16.4
30-08-2020,62352,5758,11.04055103,8.658345471,0.001926412,0.00052115,68.145,145.87,166.375,-9.35,-5.285714286,101.5,-44.2,-36.63333333,6.872340426,115,6021,12,54761,1236,214.0925609,2174.570878,64,16.9
31-08-2020,62492,5760,11.04279383,8.658692754,0.0022428,0.000347283,62.835,153.64,152,-13.85,-9.6,211.5,-29,-6.5,-0.428571429,118,5841,12,54850,1207,263.2378875,1849.606247,63,15.7
01-09-2020,62614,5762,11.04474417,8.659039916,0.001950347,0.000347162,57.885,110.955,118.4,-2.214285714,-3.2,129,-36.75,-3,-0.666666667,110,7575,12,54922,1276,182.945476,1875.279573,72,19
02-09-2020,62746,5764,11.04685011,8.659386957,0.002105936,0.000347041,71.165,126.335,138.955,0.272727273,-3.625,110,-49.8,-37.5625,6.895833333,115,5871,15,55008,1298,246.1291574,1845.112935,59,20
03-09-2020,62933,5767,11.04982595,8.659907294,0.002975837,0.000520336,76.125,139.815,147.03,-0.153846154,-0.125,125,-47.6,-36.18181818,6.918367347,117,13800,17,55106,1268,230.9411895,1807.769323,86,19.5
04-09-2020,63117,5767,11.05274543,8.659907294,0.002919478,0,74.485,144.665,152.83,0.5,1.5,130,-45.6,-34.23529412,6.408163265,117,9325,17,55235,1242,290.2351855,1757.905123,65,17.1
05-09-2020,63292,5769,11.05551422,8.660254034,0.002768792,0.000346741,76.05,145.12,153.09,-1.071428571,-0.333333333,114.5,-45.8,-33.94117647,6.326530612,116,7521,16,55300,1294,207.8717186,2270.578878,38,15.7
06-09-2020,63497,5769,11.05874794,8.660254034,0.003233722,0,74.105,161.925,169.615,-8.3,-5.714285714,140,-40.2,-33.96551724,5.1875,112,6997,18,55353,1379,200.6138372,2312.613759,40,15.9
07-09-2020,63713,5770,11.0621439,8.66042736,0.003395963,0.000173325,54.815,112.175,122.73,-17.05,-13.23529412,-17.66666667,-45.75,-13.16666667,5.578947368,110,6167,20,55438,1414,211.1694271,2052.234157,38,19.7
08-09-2020,63876,5770,11.06469898,8.66042736,0.002555081,0,62.425,121.05,120.56,2,2.9,164,-32.25,-3,-0.111111111,109,8820,20,55515,1467,169.7882464,2272.418779,44,16.8
09-09-2020,64056,5771,11.06751298,8.660600655,0.002813997,0.000173295,75.41,138.775,138.245,-0.181818182,-1.25,151.5,-42.6,-34.09375,4.854166667,100,8939,20,55615,1551,221.4811204,2370.783821,35,15
10-09-2020,64244,5773,11.07044361,8.660947155,0.002930633,0.0003465,75.29,132.65,140.97,-2,1.25,97.5,-42,-34.375,5.857142857,102,9757,18,55724,1626,168.5856605,2500.523407,42,14
11-09-2020,64463,5774,11.07384669,8.66112036,0.003403082,0.000173205,73.535,125.34,138.115,-6.071428571,-4.125,44.5,-46.2,-33.23529412,7.510204082,94,10572,17,55810,1713,211.1827762,2307.595655,39,12.7
12-09-2020,64707,5780,11.07762467,8.662158962,0.003777972,0.001038601,77.12,147.34,151.465,-4.928571429,-1.846153846,142.5,-42.6,-32.42424242,4.959183673,102,10356,18,55871,1857,189.7949131,2166.62261,48,13.8
13-09-2020,64986,5780,11.08192714,8.662158962,0.004302475,0,77.595,163.51,180.375,-7.6,-4.071428571,111.5,-39.8,-32.48275862,3.75,105,8060,18,55960,1947,215.6528351,2206.527112,39,18.1
14-09-2020,65262,5780,11.08616522,8.662158962,0.004238075,0,66.04,160.82,150.71,-12.78947368,-9.6875,159,-31,-9.166666667,-0.095238095,105,8392,15,56162,1944,203.4708673,2026.963916,43,11.5
15-09-2020,65554,5785,11.09062951,8.66302364,0.004464293,0.000864678,58.335,140.58,128.43,2.571428571,0.2,218,-30.25,-4,-2.941176471,113,9058,14,56400,1885,205.9559751,2359.448281,50,9.6
16-09-2020,65857,5788,11.095241,8.663542088,0.004611494,0.000518448,56.265,96.26,109.495,-46.13333333,-47.85714286,125,-66.2,-77.85714286,16.95652174,119,12320,12,56624,1847,205.8224084,1838.406143,51,17.3
17-09-2020,66356,5791,11.10278947,8.664060267,0.007548461,0.000518179,72.67,124.29,137.84,-1.307692308,11.4,73,-45,-33.1875,5.24,123,18843,12,56843,1846,179.1586126,2214.407106,50,11.4
18-09-2020,66653,5792,11.10725534,8.664232934,0.004465871,0.000172667,69.89,121.315,134.985,-7.285714286,-2.375,58,-46.6,-30.90909091,6.6,125,15421,16,57054,1873,192.9793271,2074.185857,50,9
19-09-2020,67080,5797,11.11364122,8.665095821,0.00638588,0.000862887,70.665,122.455,140.56,-6.714285714,-4.384615385,48.5,-45.8,-30.42424242,6.28,124,14045,19,57268,1938,215.8223791,2010.933359,47,7.9
20-09-2020,67542,5802,11.12050491,8.665957965,0.00686369,0.000862143,77.39,156.17,163.935,0.471698113,-2.904761905,105.3076923,-17.75,-19.03191489,4.104166667,124,18083,19,57428,2054,218.7420129,2355.946059,56,9.3
21-09-2020,68128,5804,11.12914357,8.666302614,0.008638662,0.000344649,67.885,153.25,149.125,6.351851852,-0.839285714,142.4666667,2.588235294,-0.516129032,0.952380952,133,13785,23,57628,2141,190.3639779,2321.028231,52,9.4
22-09-2020,68617,5805,11.1362956,8.666474894,0.007152029,0.00017228,50.995,85.265,101.605,-1.270833333,-2.020833333,25.48,-23.29411765,-2.6,2.588235294,130,12161,26,57804,2265,199.5754738,2205.168898,57,10.2
23-09-2020,69088,5809,11.14313633,8.667163718,0.006840737,0.000688824,64.75,112.57,127.38,3.512195122,-3.206896552,84.22222222,-26,-16.17894737,4.56,136,16494,29,58012,2553,213.1408721,2181.173272,51,17.8
24-09-2020,69670,5810,11.15152509,8.66733585,0.008388755,0.000172132,65.3,114.27,130.68,2.533333333,-2.966101695,77.54545455,-27.23809524,-16.50526316,5.76,136,16672,30,58218,2643,180.9827917,2436.02135,73,14.7
25-09-2020,70307,5814,11.16062665,8.668024081,0.009101558,0.000688231,68.62,122.41,133.58,0.229166667,-6.293103448,91,-25.47826087,-18.38947368,5.607843137,131,18183,31,58490,2793,192.0253398,2377.675377,66,12.2
26-09-2020,71005,5821,11.17050558,8.669227347,0.00987893,0.001203266,70.23,128.565,141.16,0.92,-6.703125,88.45454545,-25.86363636,-17.8,5.450980392,138,17584,31,58796,2944,221.6074062,1988.376222,69,17.2
27-09-2020,71901,5825,11.18304545,8.669914278,0.012539876,0.000686931,77.615,146.265,159.8,-0.622641509,-4.96875,74.5,-22.29166667,-17.23404255,5.8125,148,14348,30,59131,3193,198.925756,2123.324467,64,21.9
28-09-2020,72651,5826,11.19342243,8.670085938,0.010376982,0.000171659,65.4,139.355,143.985,4.555555556,-2.375,104.7647059,-7.736842105,-0.754098361,2.2,168,16177,28,59450,3362,168.5619887,2248.130863,66,21.3
29-09-2020,73450,5833,11.20436018,8.671286727,0.010937748,0.001200789,54.79,107.69,113.99,9.173913043,2.693877551,124.5714286,-2.666666667,1.866666667,0.176470588,178,14770,30,59686,3593,200.4190813,1991.929085,72,17.5
30-09-2020,74288,5834,11.21570471,8.67145815,0.011344529,0.000171424,63.055,110.66,118.04,0.590909091,-5.086206897,87.7,-29.31818182,-18.0212766,5.693877551,184,18051,31,59943,3917,154.3236566,2022.571861,61,14.5
01-10-2020,75221,5850,11.22818573,8.67419694,0.012481016,0.00273879,61.925,110.4,120.96,-2.386363636,-3.288135593,80.18181818,-31.0952381,-17.26595745,6.46,199,17527,33,60256,4237,237.9712764,2184.525579,41,14.1
02-10-2020,76273,5857,11.24207429,8.675392806,0.013888562,0.001195866,61.55,111.125,122.01,-3.020833333,-3.677966102,75.85714286,-30.56521739,-16.65263158,6.396825397,217,18187,45,60660,4524,212.1958613,2148.685492,100,10.3
03-10-2020,77380,5867,11.25648363,8.677098709,0.01440934,0.001705903,63.78,114.995,128.905,-1.82,-2.878787879,69.5,-29,-15.97894737,5.936507937,216,16838,41,61129,4947,179.2989384,2362.963428,68,9.1
04-10-2020,78459,5878,11.27033147,8.678971847,0.013847846,0.001873138,69.34,133.615,144.445,-3.907407407,-3.857142857,70.46666667,-28.625,-17.06382979,6.220338983,212,20923,37,61629,5196,203.4925868,2419.972269,59,10.5
05-10-2020,79650,5884,11.28539732,8.679992082,0.015065841,0.001020235,61.495,135.21,134.635,1.62962963,-0.333333333,128.5333333,-9.526315789,-0.677419355,2.266666667,247,15557,41,62095,5522,151.7425258,1947.097941,68,12.6
06-10-2020,81014,5899,11.30237726,8.682538124,0.016979943,0.002546042,50.04,97.805,104.935,3.787234043,3.244897959,128.4666667,-11.5,1.316666667,0.571428571,262,16290,43,62564,5890,149.2031193,2347.801187,90,13.8
07-10-2020,81914,5906,11.3134252,8.683724062,0.011047937,0.001185938,52.95,93.995,106.4,-5.069767442,-4.551724138,55.58333333,-33.22727273,-15.74736842,5.746031746,275,10113,46,63144,6227,135.8967604,2078.608757,85,12.2
08-10-2020,82992,5915,11.3264995,8.685246776,0.013074301,0.001522714,54.235,93.295,111.005,-6.382978723,-5.2,13.58823529,-36,-16.72631579,6.873015873,302,16040,49,63683,6733,125.2623946,1892.272114,100,5.9
09-10-2020,84094,5936,11.3396905,8.688790785,0.013191003,0.003544008,55.21,98.155,110.185,-5.040816327,-4.683333333,16.22222222,-37.04347826,-18.45263158,7.53968254,326,16725,60,64478,7035,143.1394585,1880.032529,80,8
10-10-2020,85191,5950,11.35265107,8.691146499,0.012960574,0.002355714,51,92.64,109.755,-8.450980392,-2.454545455,45.73333333,-33.90909091,-16.56842105,6.888888889,334,16087,64,65304,7277,163.3399981,2544.313301,88,15.3
11-10-2020,86133,5953,11.36364789,8.691650573,0.010996819,0.000504075,50.385,94.255,114.31,-14.46296296,-6.633802817,6.347826087,-35.91666667,-15.95789474,9.237288136,361,14730,62,66180,7586,144.36584,2431.652504,72,6.2
12-10-2020,86976,5965,11.3733875,8.693664335,0.009739605,0.002013761,42.415,92.48,96.67,-10.42592593,-4.913793103,70.55555556,-23.85,-5.709677419,7.275862069,397,12576,67,67033,8082,170.681131,1906.017197,65,8
13-10-2020,87791,5970,11.38271427,8.694502206,0.009326771,0.000837872,39.665,76.07,80.145,-6.978723404,-1.96,93.82352941,-24,-5.62295082,4.307692308,409,13008,62,67735,8273,175.1263103,2126.207899,65,9.9
14-10-2020,88994,5977,11.39632423,8.695674049,0.013609962,0.001171842,47.57,86.855,99.92,-8.047619048,-5.810344828,46.69230769,-33.54545455,-16.88421053,5.841269841,425,16980,68,68585,8492,150.4865689,2275.287472,97,11.6
15-10-2020,89963,6005,11.40715375,8.700347735,0.010829523,0.004673686,50.795,92.83,102.81,-9.409090909,-4.288135593,48.53846154,-33.63636364,-17.8,6.650793651,433,15025,67,69586,8572,132.7122289,2274.141374,73,15.7
16-10-2020,91018,6018,11.41881257,8.702510257,0.011658814,0.002162523,45.94,80.4,97.735,-14.04255319,-9.389830508,-8.2,-42.26086957,-17.69473684,9,444,15896,73,70696,8545,150.7561818,2081.952342,58,8.5
17-10-2020,92297,6032,11.43276692,8.70483391,0.013954349,0.002323652,47.655,91.22,107.555,-8.551020408,-2.861538462,39.33333333,-36.26086957,-16.92631579,7.571428571,437,13705,72,71839,8341,173.4441726,2196.305683,96,8.8
18-10-2020,93391,6038,11.44455026,8.70582811,0.011783343,0.000994201,49.76,102.96,118.25,-11.94339623,-5.314285714,49.44444444,-35.5,-20.58947368,9.406779661,457,10791,75,72857,8154,154.9064726,2029.243257,81,10.3
19-10-2020,94429,6044,11.45560351,8.706821323,0.011053249,0.000993213,41.045,86.905,89.835,-14.94230769,-7.160714286,56.15789474,-32.55,-7.590163934,8.75,468,0,85,73734,8087,175.3234723,2042.128983,71,10.7
20-10-2020,95216,6055,11.46390327,8.708639656,0.008299766,0.001818333,35.47,79.77,79.025,-5.652173913,-0.708333333,116.8125,-28.94736842,-9.966666667,4.769230769,488,22045,80,74483,8534,167.0212827,1927.180449,55,8.4
21-10-2020,96288,6074,11.47509898,8.711772646,0.011195706,0.00313299,39.105,74.935,76.95,-15.76190476,-12.11764706,146,-52.86363636,-68.98947368,17.76271186,493,12328,83,75467,8491,139.7585071,2059.31745,63,10.2
22-10-2020,97321,6094,11.48577007,8.71505996,0.010671093,0.003287314,45.08,76.065,94.275,-17.18604651,-8.55,-14.10526316,-43.13043478,-19.26315789,9.396825397,507,12667,87,76512,8488,140.1916084,2325.93379,59,9.4
23-10-2020,98226,6106,11.49502623,8.717027173,0.009256153,0.001967214,48.265,94.725,105.785,-12.91304348,-5.355932203,48.4,-35.43478261,-17.35789474,8.444444444,517,12756,85,77602,8663,156.2469782,2308.571811,63,16.4
24-10-2020,99235,6132,11.50524605,8.72127624,0.010219829,0.004249067,47.895,95.255,107.31,-11.92,-6.276923077,48.06666667,-35.86363636,-16.71578947,8.5,527,11209,88,78559,8794,147.1370295,2072.185519,73,11.2
25-10-2020,100114,6143,11.51406482,8.723068501,0.008818762,0.001792261,47.35,93.23,109.575,-19.2745098,-9,-12.95833333,-42.79166667,-17.09473684,11.54237288,532,9279,92,79529,8856,159.5189144,2003.401148,57,3.7
26-10-2020,100922,6153,11.52210322,8.724695047,0.008038405,0.001626546,41.88,97.885,95.255,-15.62264151,-5.568965517,48.73913043,-27.84210526,-8.317460317,9.035714286,565,8744,100,80468,8693,152.7939283,2371.150877,58,3.6
27-10-2020,101885,6172,11.53160001,8.727778213,0.009496785,0.003083167,37.775,77.565,76.875,-12.85416667,-5.64,75.66666667,-31.05263158,-7.885245902,5.961538462,565,10969,94,81267,8947,150.9900643,2025.666594,59,0.9
28-10-2020,102814,6189,11.54067681,8.730528802,0.009076804,0.002750588,45.445,80.45,95.12,-16.09302326,-11.20338983,-2.117647059,-43.13636364,-17.96842105,8.428571429,553,11829,101,82033,9194,143.3422066,2084.585985,58,4.1
29-10-2020,103844,6214,11.55064505,8.73456009,0.009968242,0.004031288,44.955,82.77,97.76,-12.81395349,-5.733333333,11.94117647,-39.69565217,-18.09473684,9.015873016,540,11960,99,82792,9328,149.6110949,2258.869386,58,3
30-10-2020,104952,6231,11.56125838,8.737292113,0.01061333,0.002732023,44.57,78.665,97.805,-16.82608696,-10.6440678,-15,-41.69565217,-17.88421053,10.26984127,549,9892,93,83819,9284,173.4571308,2161.822316,85,-0.8
31-10-2020,106016,6246,11.57134531,8.739696538,0.010086923,0.002404425,49.29,93.475,108.17,-12.44897959,-5.875,40.3125,-34.5,-16.68421053,8.396825397,551,10673,97,84828,9143,152.910177,1658.548019,62,-0.4
01-11-2020,106981,6272,11.58040653,8.743850562,0.009061222,0.004154024,53.42,114.06,121.385,-15.58823529,-8.552238806,56,-32.95833333,-16.28421053,9.949152542,543,10000,93,85822,8947,160.4076848,1861.620724,74,4.9
02-11-2020,108018,6283,11.59005316,8.745602852,0.009646631,0.00175229,42.695,92.895,95.14,-16.42,-3.896551724,33.16666667,-25.52631579,-7.573770492,9.103448276,527,8801,91,86786,8927,169.8087236,2286.990715,54,0.3
03-11-2020,108889,6317,11.59808429,8.750999691,0.008031135,0.005396838,37.905,71.465,76.54,-10.54166667,-3.795918367,59.55,-26.68421053,-9.114754098,6.038461538,526,10504,89,87638,8987,156.2304058,2386.331383,69,-0.2
04-11-2020,109918,6350,11.60748991,8.756210092,0.009405619,0.005210401,45.395,74.07,93.6,-16.09302326,-13.59322034,-18.72222222,-41.63636364,-16.57894737,9.080645161,509,9968,78,88442,9187,140.3918424,1930.64043,51,4.7
05-11-2020,111056,6378,11.61778986,8.760609848,0.010299945,0.004399756,45.8,85.615,102.305,-12.1627907,-6.15,12.93333333,-36.57142857,-16.74736842,8.555555556,515,11301,81,89592,9128,126.4732617,2134.35278,82,9.7
06-11-2020,112189,6403,11.62794023,8.76452191,0.01015037,0.003912062,46.615,84.95,101.87,-12.14893617,-6.459016393,7.952380952,-37.52173913,-16.2,9.111111111,503,9771,82,90576,9193,133.501842,2378.558094,84,12.9
07-11-2020,113423,6431,11.63887947,8.768885326,0.010939244,0.004363417,47.51,88.295,106.395,-11.79166667,-4.088235294,9.647058824,-39.04347826,-15.68421053,8.888888889,496,7818,84,91488,9220,142.4224541,2093.593573,71,14.7
08-11-2020,114752,6440,11.65052856,8.770283819,0.011649085,0.001398493,49.96,97.885,115.795,-14.49019608,-4.319444444,10.08,-37.33333333,-14.38297872,9.949152542,499,10438,81,92396,9337,148.124214,2302.774973,64,14.4
09-11-2020,115989,6455,11.66125064,8.772610303,0.010722081,0.002326484,44.285,96.8,94.91,-16.48,-1.631578947,36.54166667,-12.44444444,-7.129032258,8.24137931,526,0,85,93316,9255,146.7263906,1908.230173,64,13.9
10-11-2020,117151,6493,11.67121898,8.778479953,0.009968342,0.005869649,36.525,63.34,69.73,-16.44680851,-5.36,-13.14814815,-36.65,-11.95081967,6.923076923,539,-2097,81,94101,9466,170.6723327,2074.598845,87,14.7
11-11-2020,118529,6515,11.68291294,8.78186249,0.011693955,0.003382537,45.42,77.61,90.96,-16.14285714,-11.88135593,-10.1875,-42.13636364,-17.63157895,8.580645161,538,10455,82,94884,9794,157.0647356,2084.240174,66,13.7
12-11-2020,119894,6557,11.6943633,8.78828846,0.011450363,0.006425971,46.15,80.97,93.44,-17.44186047,-9.737704918,-8.444444444,-40.69565217,-17.69473684,9.619047619,539,10280,77,95956,9830,175.1963759,1811.732446,93,3.4
13-11-2020,121195,6586,11.7051561,8.792701463,0.0107928,0.004413003,45.3,83.98,95.37,-16.93478261,-9.966101695,4.454545455,-40.43478261,-16.55789474,9.73015873,523,10484,78,96831,10161,146.2726168,2536.665828,93,1.7
14-11-2020,122643,6611,11.71703298,8.796490207,0.011876877,0.003788744,48.445,96.31,104.11,-12.82,-5.909090909,51.375,-36.73913043,-15.88421053,8.777777778,527,11128,77,97789,10523,146.1365162,2127.235054,82,1
15-11-2020,123854,6626,11.72685873,8.798756583,0.009825756,0.002266376,51.25,106.45,113.335,-16.84313725,-8.560606061,35.21052632,-37.08333333,-17.44210526,10.5,540,9174,76,98740,10794,149.6313241,2029.044386,76,1.8
16-11-2020,125072,6651,11.73664485,8.802522498,0.009786119,0.003765915,44.345,103.47,96.06,-13.47169811,-5.929824561,86.10526316,-21.10526316,-8,7.7,534,10093,82,99721,10937,151.6880919,1305.66555,88,5.2
17-11-2020,126054,6675,11.74446567,8.806124483,0.007820815,0.003601985,40,85.065,77.145,-8.955555556,-1.897959184,102,-25.47368421,-10.45901639,4.846153846,573,8799,84,100564,11450,130.1361048,2219.503953,84,-1.2
18-11-2020,127233,6710,11.75377533,8.81135423,0.009309665,0.005229747,46.45,87.89,87.55,-10.51162791,-7.086206897,64.72727273,-39.31818182,-19.36842105,8.919354839,583,10974,86,101407,11930,161.4508318,2081.539962,86,-4.7
19-11-2020,128440,6744,11.76321715,8.8164085,0.009441818,0.00505427,47.175,97.905,100.49,-10.81395349,-5.266666667,78.27272727,-33.17391304,-16.66315789,8.126984127,583,11513,85,102569,12040,142.7131439,2108.121467,90,-0.6
20-11-2020,129699,6774,11.77297166,8.820847033,0.009754512,0.004438534,44.885,84.47,96.06,-12.34782609,-7.083333333,12.57894737,-41.04347826,-18.25263158,9.873015873,583,11492,82,103668,12364,131.6321314,2002.535708,76,6.7
21-11-2020,130888,6806,11.78209727,8.825559855,0.009125614,0.004712822,43.37,82.77,94.13,-16.30612245,-7.878787879,17.29411765,-39.34782609,-16.89473684,9.548387097,587,10846,89,104848,12380,114.9316082,2026.344232,97,2.1
22-11-2020,132042,6829,11.79087533,8.828933529,0.008778058,0.003373674,48.8,95.14,108.73,-19.49019608,-9.060606061,-0.25,-41.79166667,-20.25263158,12.0862069,591,10472,87,105998,12423,163.4933902,1889.659818,100,-2.3
23-11-2020,133206,6842,11.79965208,8.830835366,0.008776748,0.001901837,42.72,86.245,87.675,-19.2,-5.75862069,15,-32.3,-11.234375,9.689655172,638,9361,100,107326,12053,154.5276078,2051.638188,61,2.7
24-11-2020,134330,6887,11.80805474,8.837390856,0.008402657,0.00655549,34.49,60.565,64.91,-19.44680851,-9.367346939,-22.19230769,-41.68421053,-15.86885246,7.807692308,652,10171,100,108625,11898,156.8364911,2374.020111,88,-2.4
25-11-2020,135430,6915,11.81621018,8.841448244,0.008155443,0.004057389,42.875,76.255,86.04,-16.97674419,-11.89830508,-9.666666667,-44.77272727,-17.52631579,9.704918033,651,11552,101,109800,11896,142.151244,1964.005887,72,-2.3
26-11-2020,136894,6947,11.82696218,8.846065191,0.010752002,0.004616947,42.96,77.695,88.615,-16.93023256,-9.559322034,-2.352941176,-42.82608696,-17.12631579,9.857142857,624,33422,96,111326,11599,149.9528444,2066.140417,97,0.7
27-11-2020,138163,6984,11.83618943,8.851377098,0.009227244,0.005311907,44.015,75.835,92.21,-17.95652174,-10.75409836,-8,-44.69565217,-16.68421053,10.44444444,646,-12111,99,112734,11348,149.6191105,1873.096588,81,4.3
28-11-2020,139643,7021,11.84684444,8.856660937,0.010655018,0.005283839,45.185,82.15,95.215,-15.85714286,-7.769230769,-1.473684211,-43.43478261,-16.72631579,10.24193548,642,9710,103,114085,11128,169.2989807,1881.650971,73,4.6
29-11-2020,141038,7033,11.85678464,8.858368636,0.009940192,0.001707699,49.345,104.38,110.205,-15.76470588,-6.632352941,14.13636364,-40.58333333,-19.54736842,11.84482759,634,9264,98,115367,10997,142.86404,1992.228869,77,5.1
30-11-2020,142371,7056,11.86619161,8.861633598,0.009406969,0.003264961,42.53,89.615,87.385,-15.19230769,-3.5,18,-28.8,-9.46875,9.137931034,665,7745,96,116624,10819,177.5687939,2471.802998,82,4.9
01-12-2020,143548,7084,11.87442475,8.865593999,0.008233147,0.003960401,35.92,65.71,65.37,-14.95652174,-4.6,-4.64,-37.5,-13.59016393,6.961538462,665,8288,95,117551,10964,127.9766051,2267.959056,77,6.9
02-12-2020,145062,7125,11.88491652,8.871365005,0.010491763,0.005771006,43.44,76.77,83.16,-19.31818182,-16.37288136,-15.10526316,-45.95652174,-19.56842105,10.67213115,675,0,90,118491,11456,153.239097,2222.067749,76,1
03-12-2020,146532,7155,11.89499911,8.875566692,0.010082597,0.004201687,44.645,81.275,91.58,-14.69767442,-7.327868852,-5.611111111,-43,-16.94736842,9.73015873,609,21587,90,119727,11452,152.8382036,1695.432689,73,1.8
04-12-2020,147877,7183,11.90413613,8.879472402,0.009137013,0.00390571,45.72,82.835,98.99,-24.26666667,-14.36065574,-15.5,-43.65217391,-17.52631579,11.03225806,678,10264,93,120906,11716,154.9722141,2250.428789,73,3
05-12-2020,149908,7231,11.91777705,8.886132618,0.013640925,0.006660216,47.39,88.15,99.86,-13.94,-6.384615385,-16.52631579,-43.86956522,-16.48421053,10.48387097,665,9360,92,122014,11991,267.6439893,2005.009857,84,0.4
06-12-2020,151599,7255,11.92899416,8.889446165,0.011217104,0.003313547,51.455,108.31,111.505,-14.25490196,-6,-11.30769231,-43.08333333,-17.28723404,11.53448276,693,8655,94,123177,12138,228.0270882,1941.730784,74,-2.4
07-12-2020,153176,7277,11.93934287,8.892473968,0.01034871,0.003027803,40.92,92.41,86.875,-17.37254902,-3.86440678,-6.290322581,-34.55,-8.451612903,9.75,719,8376,98,124200,12264,288.0524421,1658.139277,83,-4.2
08-12-2020,154740,7313,11.94950157,8.897408865,0.010158702,0.004934897,36.49,72.7,69.535,-14.36956522,-3.74,21.61538462,-36.15,-11.72131148,6.653846154,740,9764,99,125197,12740,265.3423571,1654.443916,81,-5.4
09-12-2020,156468,7349,11.9606068,8.902319529,0.011105227,0.004910663,43.165,81.18,88.75,-14.06976744,-9.559322034,-13.68421053,-45.7826087,-15.95789474,9.442622951,737,11594,99,126179,13197,248.5251539,1894.393617,81,-2.9
10-12-2020,158310,7382,11.97231042,8.906799884,0.01170362,0.004480355,42.94,87.335,92.265,-12.1627907,-2.35,-8,-41.86956522,-16.24210526,9.793650794,761,10981,97,127549,13142,242.7074611,2546.160625,85,0.3
11-12-2020,160023,7435,11.98307283,8.913953859,0.010762419,0.007153975,43.26,85.03,91.925,-15.08695652,-6.803278689,-11.40909091,-44.26086957,-15.90526316,10.46031746,754,11322,96,128828,13846,248.7691592,2065.845205,76,2.1
12-12-2020,161921,7475,11.99486384,8.919319398,0.011791007,0.005365539,43.39,89.485,94.115,-13.28571429,-2.367647059,0.526315789,-42.13043478,-15.47368421,10.14285714,778,10235,102,130018,14323,290.8758888,1890.267497,59,2.2
13-12-2020,163915,7508,12.00710328,8.923724398,0.012239439,0.004404999,48.81,99.675,104.215,-21.23076923,-8.957142857,-21.57692308,-45.66666667,-18.08510638,13.1754386,818,12046,105,131297,14600,266.0879004,1835.756184,63,2.3
14-12-2020,165535,7533,12.01693793,8.927048648,0.009834652,0.00332425,40.185,89.225,84.355,-21.96078431,-4.966101695,5.75,-37.61904762,-9.619047619,10.46428571,835,9813,114,132573,14854,259.8867413,2140.03604,89,-2.7
15-12-2020,167276,7571,12.02740042,8.932080438,0.01046249,0.00503179,35.11,65.875,63.395,-28.39130435,-11.46,-1.344827586,-44,-15.60655738,8.08,844,10169,121,133692,15426,288.3204848,1781.65931,80,-10.6
16-12-2020,169173,7613,12.03867714,8.937612591,0.011276717,0.005532153,41.98,78.03,84.47,-15.51162791,-7.915254237,-5.117647059,-44.95652174,-18.15789474,9.548387097,848,11552,113,134910,16017,278.4813553,1765.60015,79,-15.2
17-12-2020,171028,7635,12.04958256,8.940498218,0.010905426,0.002885626,41.685,80.62,85.85,-16.72093023,-6.483333333,-9.111111111,-45.13043478,-15.68421053,10.0952381,871,11902,123,136646,15941,296.0408125,1558.102848,78,-10.5
18-12-2020,172801,7671,12.05989592,8.945202264,0.010313358,0.004704046,42.675,81.845,92.645,-21.15217391,-11.18032787,-11.27272727,-45.30434783,-16.67368421,10.82539683,860,11750,129,138270,16175,278.2006607,1823.70781,77,-10
19-12-2020,174839,7715,12.07162083,8.950921765,0.011724907,0.005719501,43.17,84.475,94.025,-17.58,-6.573529412,-5.842105263,-43.86956522,-16.09473684,10.64516129,880,12482,123,139850,16556,268.9831192,1842.221445,76,-7.8
20-12-2020,176985,7736,12.08382026,8.953640037,0.012199433,0.002718272,45.65,98.055,103.09,-18.73076923,-7.042253521,-8.36,-44.08333333,-16.25531915,12.53448276,890,9900,122,141345,16657,266.6205781,1776.608223,95,-1.6
21-12-2020,179093,7766,12.0956605,8.95751051,0.011840241,0.003870473,38.62,83.005,78.48,-22.80769231,-4.152542373,-17.33333333,-41.0952381,-11,11.78571429,959,11592,125,142894,16811,308.9500129,1950.023597,69,1.6
22-12-2020,181276,7794,12.10777601,8.961109486,0.012115508,0.003598976,34.54,65.055,61.345,-27.2826087,-13.24489796,-27.79310345,-46.94736842,-15.93442623,8.923076923,975,9999,128,144168,17392,286.9940716,1981.570255,65,-2.4
23-12-2020,183523,7867,12.12009528,8.970432074,0.012319269,0.009322588,42.025,80.345,87.58,-10.29545455,-4.833333333,-2.736842105,-43.86956522,-16.09473684,9.393442623,1002,11943,134,145532,17861,291.0176535,2156.613224,64,-4.4
24-12-2020,185872,7913,12.13281354,8.976262256,0.012718265,0.005830181,41.505,78.995,90.93,-11.5,-3.459016393,-20.10526316,-46.54545455,-17.48421053,10.23809524,1011,11165,141,147398,17732,235.4356261,1702.520638,92,5.7
25-12-2020,185872,7913,12.13281354,8.976262256,0,0,41.23,81.92,92.885,-11.39130435,-6.639344262,-26.47826087,-46.2173913,-16.58947368,10.83870968,1005,11476,142,149245,17879,299.6693842,1972.842907,99,6.5
26-12-2020,185872,7913,12.13281354,8.976262256,0,0,41.065,86.27,93.665,-14.55102041,-4.044776119,-22.55,-49.26086957,-29.67368421,14.6,1010,11533,146,151044,18205,247.4963481,1825.011546,71,-4.2
27-12-2020,185872,7913,12.13281354,8.976262256,0,0,43.395,93.215,99.3,-22.01960784,-7.802816901,-13.52,-50.25,-30.24210526,16.71929825,1048,10456,146,152869,18458,234.0845938,2012.193796,78,-5.5
28-12-2020,194930,8060,12.1803958,8.994668836,0.047582255,0.01840658,37.71,81.3,80.85,-22.98113208,-4.542372881,3.642857143,-35.1,-13.84848485,11.32142857,1055,9879,137,154673,18809,255.3915992,1865.823412,54,0.9
29-12-2020,197311,8124,12.19253644,9.002577923,0.012140644,0.007909087,35.075,69.345,67.75,-21.14583333,-8.58,20.48,-37.1,-14.88709677,8.192307692,1067,10758,142,156275,19381,312.5127478,2013.993673,58,-6
30-12-2020,199822,8165,12.20518225,9.007612005,0.012645806,0.005034083,42.155,88.47,85.545,2.804878049,10.22033898,20.875,-47.69565217,-41.37894737,14.66101695,1052,12235,146,158201,19758,273.4525855,1699.17077,61,-2.9
31-12-2020,202641,8226,12.21919122,9.015055149,0.01400897,0.007443143,41.5,88.535,89.29,3.465116279,19.58333333,15.64705882,-49.59090909,-43.49473684,15.2295082,1052,0,146,158201,19758,249.1284162,1984.554146,82,-1.6
